ID,수요량
TEST_0000,241.82742
TEST_0001,33.359455
TEST_0002,356.09357
TEST_0003,84.58193
TEST_0004,211.62146
TEST_0005,267.32108
TEST_0006,213.85379
TEST_0007,929.7217
TEST_0008,218.7624
TEST_0009,338.47855
TEST_0010,71.79069
TEST_0011,120.078636
TEST_0012,85.26365
TEST_0013,162.43707
TEST_0014,118.67004
TEST_0015,57.272896
TEST_0016,33.12238
TEST_0017,265.58078
TEST_0018,164.21916
TEST_0019,56.446095
TEST_0020,57.975243
TEST_0021,29.131342
TEST_0022,54.791767
TEST_0023,10.443447
TEST_0024,312.4307
TEST_0025,36.820316
TEST_0026,174.63985
TEST_0027,704.022
TEST_0028,753.75684
TEST_0029,450.40747
TEST_0030,277.30905
TEST_0031,485.07193
TEST_0032,48.940887
TEST_0033,166.90329
TEST_0034,633.8513
TEST_0035,829.9291
TEST_0036,1213.3367
TEST_0037,524.63715
TEST_0038,106.827126
TEST_0039,436.28958
TEST_0040,93.748535
TEST_0041,83.96284
TEST_0042,457.3668
TEST_0043,86.698204
TEST_0044,883.32886
TEST_0045,222.30759
TEST_0046,749.6762
TEST_0047,129.75644
TEST_0048,339.70883
TEST_0049,108.66694
TEST_0050,109.595345
TEST_0051,622.74805
TEST_0052,7.5935855
TEST_0053,99.29926
TEST_0054,248.94888
TEST_0055,1105.8146
TEST_0056,24.230675
TEST_0057,97.04185
TEST_0058,111.59644
TEST_0059,1279.0225
TEST_0060,242.4316
TEST_0061,652.53
TEST_0062,51.576347
TEST_0063,306.90323
TEST_0064,296.09888
TEST_0065,1038.7814
TEST_0066,392.6533
TEST_0067,62.363586
TEST_0068,659.02936
TEST_0069,424.15738
TEST_0070,549.6356
TEST_0071,44.11505
TEST_0072,90.0198
TEST_0073,448.6227
TEST_0074,20.04985
TEST_0075,243.95312
TEST_0076,135.8034
TEST_0077,112.95171
TEST_0078,64.53979
TEST_0079,320.6733
TEST_0080,356.96848
TEST_0081,1130.1597
TEST_0082,79.19048
TEST_0083,658.97516
TEST_0084,66.91688
TEST_0085,6.6558566
TEST_0086,140.5184
TEST_0087,54.249702
TEST_0088,101.310265
TEST_0089,49.262573
TEST_0090,32.053047
TEST_0091,399.55966
TEST_0092,395.66016
TEST_0093,252.09671
TEST_0094,104.11888
TEST_0095,361.12604
TEST_0096,613.54065
TEST_0097,32.838886
TEST_0098,180.12512
TEST_0099,660.7018
TEST_0100,19.12654
TEST_0101,545.3736
TEST_0102,50.423904
TEST_0103,443.44095
TEST_0104,83.069885
TEST_0105,57.227406
TEST_0106,197.93794
TEST_0107,926.251
TEST_0108,167.90341
TEST_0109,412.10373
TEST_0110,190.42807
TEST_0111,119.65338
TEST_0112,195.16396
TEST_0113,740.7996
TEST_0114,36.725967
TEST_0115,729.5404
TEST_0116,650.7455
TEST_0117,119.70394
TEST_0118,704.11163
TEST_0119,347.83835
TEST_0120,328.48825
TEST_0121,59.16669
TEST_0122,238.43439
TEST_0123,12.104299
TEST_0124,792.58716
TEST_0125,100.103645
TEST_0126,179.4649
TEST_0127,108.050316
TEST_0128,194.15593
TEST_0129,360.02927
TEST_0130,230.04935
TEST_0131,71.473755
TEST_0132,325.9659
TEST_0133,187.5281
TEST_0134,126.99664
TEST_0135,528.7997
TEST_0136,33.906006
TEST_0137,16.090366
TEST_0138,19.492723
TEST_0139,298.9199
TEST_0140,750.7085
TEST_0141,152.00713
TEST_0142,946.468
TEST_0143,45.05071
TEST_0144,600.5118
TEST_0145,392.70605
TEST_0146,31.284536
TEST_0147,696.9992
TEST_0148,444.33005
TEST_0149,209.92657
TEST_0150,88.40627
TEST_0151,593.856
TEST_0152,12.070906
TEST_0153,47.359955
TEST_0154,55.258476
TEST_0155,77.26282
TEST_0156,5.77655
TEST_0157,100.26948
TEST_0158,257.38504
TEST_0159,41.793663
TEST_0160,188.9118
TEST_0161,102.38189
TEST_0162,259.65714
TEST_0163,25.420975
TEST_0164,212.2241
TEST_0165,70.57519
TEST_0166,173.77649
TEST_0167,13.670505
TEST_0168,25.560043
TEST_0169,415.61047
TEST_0170,122.10988
TEST_0171,1377.3173
TEST_0172,282.45062
TEST_0173,474.2388
TEST_0174,220.97186
TEST_0175,474.7065
TEST_0176,239.72736
TEST_0177,28.048584
TEST_0178,60.266624
TEST_0179,271.08496
TEST_0180,72.597466
TEST_0181,202.30634
TEST_0182,578.8771
TEST_0183,37.580597
TEST_0184,340.03275
TEST_0185,47.180634
TEST_0186,791.9741
TEST_0187,146.06335
TEST_0188,371.71036
TEST_0189,70.90191
TEST_0190,74.66898
TEST_0191,-0.17882393
TEST_0192,606.46704
TEST_0193,4.1965327
TEST_0194,2260.7925
TEST_0195,94.49225
TEST_0196,19.273933
TEST_0197,-0.12136147
TEST_0198,333.78833
TEST_0199,283.63486
TEST_0200,453.7972
TEST_0201,25.458
TEST_0202,58.602127
TEST_0203,290.34473
TEST_0204,115.77268
TEST_0205,269.45627
TEST_0206,322.18277
TEST_0207,118.582405
TEST_0208,392.26154
TEST_0209,87.896965
TEST_0210,23.925539
TEST_0211,122.03077
TEST_0212,339.80255
TEST_0213,366.66446
TEST_0214,484.43777
TEST_0215,64.74725
TEST_0216,567.2101
TEST_0217,91.076096
TEST_0218,47.82212
TEST_0219,546.5312
TEST_0220,581.6736
TEST_0221,740.5124
TEST_0222,72.489204
TEST_0223,90.93079
TEST_0224,143.30682
TEST_0225,265.72235
TEST_0226,261.43466
TEST_0227,190.91968
TEST_0228,8.042901
TEST_0229,464.80014
TEST_0230,34.78791
TEST_0231,537.9292
TEST_0232,84.092964
TEST_0233,260.07376
TEST_0234,230.71124
TEST_0235,88.27569
TEST_0236,61.361473
TEST_0237,145.00829
TEST_0238,143.42145
TEST_0239,85.78517
TEST_0240,1.8002759
TEST_0241,4.463128
TEST_0242,1192.9602
TEST_0243,457.50623
TEST_0244,345.21234
TEST_0245,167.51562
TEST_0246,102.055885
TEST_0247,65.63671
TEST_0248,336.334
TEST_0249,87.072876
TEST_0250,-0.29053265
TEST_0251,231.5843
TEST_0252,234.49187
TEST_0253,104.885216
TEST_0254,593.66907
TEST_0255,573.99225
TEST_0256,50.373974
TEST_0257,1131.176
TEST_0258,96.59275
TEST_0259,303.43832
TEST_0260,46.97026
TEST_0261,916.5785
TEST_0262,911.0348
TEST_0263,134.52216
TEST_0264,86.217186
TEST_0265,49.96145
TEST_0266,992.6971
TEST_0267,340.98276
TEST_0268,21.343662
TEST_0269,528.72974
TEST_0270,412.07504
TEST_0271,29.384525
TEST_0272,4.40383
TEST_0273,198.72762
TEST_0274,109.3405
TEST_0275,41.999535
TEST_0276,330.24564
TEST_0277,186.06415
TEST_0278,44.571968
TEST_0279,363.61084
TEST_0280,15.390653
TEST_0281,38.549473
TEST_0282,355.75638
TEST_0283,155.3425
TEST_0284,88.74415
TEST_0285,13.129517
TEST_0286,307.5273
TEST_0287,1.863795
TEST_0288,93.54119
TEST_0289,133.98886
TEST_0290,603.9912
TEST_0291,139.08098
TEST_0292,206.10349
TEST_0293,213.10191
TEST_0294,49.83609
TEST_0295,131.35722
TEST_0296,14.892612
TEST_0297,12.834245
TEST_0298,1186.1127
TEST_0299,202.94487
TEST_0300,47.476387
TEST_0301,185.70374
TEST_0302,444.34964
TEST_0303,74.639244
TEST_0304,325.61642
TEST_0305,294.19708
TEST_0306,145.25787
TEST_0307,22.848587
TEST_0308,452.14075
TEST_0309,255.65836
TEST_0310,33.86547
TEST_0311,94.69299
TEST_0312,42.964073
TEST_0313,172.84256
TEST_0314,68.59452
TEST_0315,45.104454
TEST_0316,488.2912
TEST_0317,54.02018
TEST_0318,736.01196
TEST_0319,176.7771
TEST_0320,9.893031
TEST_0321,22.555056
TEST_0322,82.07398
TEST_0323,200.35184
TEST_0324,36.592968
TEST_0325,210.74727
TEST_0326,1047.1792
TEST_0327,249.08868
TEST_0328,187.20985
TEST_0329,41.66989
TEST_0330,174.32123
TEST_0331,154.85138
TEST_0332,50.548767
TEST_0333,95.827675
TEST_0334,92.134254
TEST_0335,223.15923
TEST_0336,369.0848
TEST_0337,23.203667
TEST_0338,205.94432
TEST_0339,81.91955
TEST_0340,93.06376
TEST_0341,227.0853
TEST_0342,372.30396
TEST_0343,74.811356
TEST_0344,-0.12136147
TEST_0345,70.274704
TEST_0346,231.60947
TEST_0347,94.38675
TEST_0348,97.754326
TEST_0349,396.31827
TEST_0350,484.2479
TEST_0351,836.0469
TEST_0352,91.42298
TEST_0353,573.1636
TEST_0354,91.56727
TEST_0355,348.9105
TEST_0356,31.686243
TEST_0357,62.2741
TEST_0358,302.89026
TEST_0359,305.17502
TEST_0360,3.5204759
TEST_0361,473.11154
TEST_0362,46.564278
TEST_0363,47.684315
TEST_0364,408.0308
TEST_0365,124.71923
TEST_0366,33.472153
TEST_0367,325.54178
TEST_0368,247.63028
TEST_0369,56.612473
TEST_0370,15.495679
TEST_0371,96.09582
TEST_0372,403.64642
TEST_0373,448.07742
TEST_0374,360.47165
TEST_0375,591.3083
TEST_0376,29.58947
TEST_0377,53.351032
TEST_0378,117.72228
TEST_0379,179.77652
TEST_0380,93.889656
TEST_0381,114.67649
TEST_0382,398.58093
TEST_0383,18.121952
TEST_0384,33.624218
TEST_0385,206.21663
TEST_0386,413.66006
TEST_0387,77.6486
TEST_0388,377.1554
TEST_0389,43.517067
TEST_0390,175.22961
TEST_0391,51.55713
TEST_0392,46.387985
TEST_0393,191.49777
TEST_0394,99.77371
TEST_0395,69.22313
TEST_0396,42.635963
TEST_0397,386.64236
TEST_0398,213.67014
TEST_0399,189.23743
TEST_0400,131.10345
TEST_0401,130.31628
TEST_0402,14.316492
TEST_0403,68.53416
TEST_0404,54.18423
TEST_0405,51.527733
TEST_0406,147.40868
TEST_0407,33.355118
TEST_0408,142.07455
TEST_0409,17.66365
TEST_0410,49.263573
TEST_0411,220.62088
TEST_0412,297.5479
TEST_0413,509.0616
TEST_0414,28.707779
TEST_0415,459.19833
TEST_0416,372.95926
TEST_0417,142.8964
TEST_0418,43.49939
TEST_0419,49.66284
TEST_0420,60.41655
TEST_0421,103.38598
TEST_0422,884.26746
TEST_0423,68.154526
TEST_0424,665.7998
TEST_0425,235.8963
TEST_0426,150.3071
TEST_0427,470.88074
TEST_0428,242.34625
TEST_0429,158.02284
TEST_0430,126.614876
TEST_0431,182.03209
TEST_0432,177.74474
TEST_0433,406.12717
TEST_0434,508.42606
TEST_0435,987.1936
TEST_0436,32.221264
TEST_0437,388.24176
TEST_0438,873.99316
TEST_0439,311.15353
TEST_0440,343.40164
TEST_0441,225.85417
TEST_0442,-0.12136147
TEST_0443,146.966
TEST_0444,52.048344
TEST_0445,24.129673
TEST_0446,88.78066
TEST_0447,439.7538
TEST_0448,33.771606
TEST_0449,582.1322
TEST_0450,315.30438
TEST_0451,12.467431
TEST_0452,212.31815
TEST_0453,522.3461
TEST_0454,82.211464
TEST_0455,291.0789
TEST_0456,331.58682
TEST_0457,103.71491
TEST_0458,890.8559
TEST_0459,993.3165
TEST_0460,1128.9994
TEST_0461,374.03104
TEST_0462,5.7574077
TEST_0463,276.6655
TEST_0464,1103.6724
TEST_0465,15.2098875
TEST_0466,378.3769
TEST_0467,446.11765
TEST_0468,223.73553
TEST_0469,1079.7778
TEST_0470,273.35165
TEST_0471,67.69439
TEST_0472,103.71241
TEST_0473,915.00116
TEST_0474,1323.2621
TEST_0475,280.96475
TEST_0476,224.62329
TEST_0477,433.77734
TEST_0478,567.171
TEST_0479,975.87134
TEST_0480,852.81274
TEST_0481,77.84132
TEST_0482,45.704628
TEST_0483,239.3486
TEST_0484,559.99646
TEST_0485,156.82245
TEST_0486,860.0226
TEST_0487,16.686998
TEST_0488,1.151084
TEST_0489,81.50309
TEST_0490,66.84251
TEST_0491,-0.12136147
TEST_0492,32.36115
TEST_0493,81.529015
TEST_0494,494.29825
TEST_0495,25.43255
TEST_0496,10.903482
TEST_0497,78.84352
TEST_0498,848.49817
TEST_0499,104.52889
TEST_0500,289.65878
TEST_0501,232.23401
TEST_0502,479.75082
TEST_0503,65.54963
TEST_0504,296.58496
TEST_0505,167.93799
TEST_0506,142.70343
TEST_0507,69.22134
TEST_0508,1173.7208
TEST_0509,329.04843
TEST_0510,342.2424
TEST_0511,26.406288
TEST_0512,118.194016
TEST_0513,164.05974
TEST_0514,40.93161
TEST_0515,55.30945
TEST_0516,73.931244
TEST_0517,58.841072
TEST_0518,0.75237095
TEST_0519,39.92388
TEST_0520,928.2334
TEST_0521,173.83127
TEST_0522,177.47162
TEST_0523,410.28824
TEST_0524,475.379
TEST_0525,251.10289
TEST_0526,165.07689
TEST_0527,56.230278
TEST_0528,197.42673
TEST_0529,18.631466
TEST_0530,47.829292
TEST_0531,765.61206
TEST_0532,145.89337
TEST_0533,293.93854
TEST_0534,512.3091
TEST_0535,549.0721
TEST_0536,236.52031
TEST_0537,-0.2732874
TEST_0538,46.075207
TEST_0539,226.18037
TEST_0540,1205.114
TEST_0541,834.1954
TEST_0542,40.339813
TEST_0543,23.452648
TEST_0544,1120.1342
TEST_0545,87.45912
TEST_0546,666.8578
TEST_0547,-0.25503945
TEST_0548,1336.4929
TEST_0549,92.22217
TEST_0550,56.288174
TEST_0551,275.00925
TEST_0552,37.165466
TEST_0553,567.66174
TEST_0554,725.13684
TEST_0555,1.5516884
TEST_0556,652.9276
TEST_0557,369.74356
TEST_0558,17.273605
TEST_0559,49.82791
TEST_0560,69.706665
TEST_0561,192.43452
TEST_0562,374.22177
TEST_0563,505.88425
TEST_0564,7.625096
TEST_0565,4.40251
TEST_0566,918.36536
TEST_0567,607.62787
TEST_0568,0.25523156
TEST_0569,708.3054
TEST_0570,938.67786
TEST_0571,332.70316
TEST_0572,104.97122
TEST_0573,873.9717
TEST_0574,251.34688
TEST_0575,998.15247
TEST_0576,591.6172
TEST_0577,47.983936
TEST_0578,37.524467
TEST_0579,610.3228
TEST_0580,72.681915
TEST_0581,25.569912
TEST_0582,1.8753964
TEST_0583,72.57469
TEST_0584,245.13869
TEST_0585,70.56566
TEST_0586,107.651634
TEST_0587,409.02982
TEST_0588,122.13277
TEST_0589,633.3133
TEST_0590,726.635
TEST_0591,139.75085
TEST_0592,51.845116
TEST_0593,179.14417
TEST_0594,22.367554
TEST_0595,181.8256
TEST_0596,140.62306
TEST_0597,218.45589
TEST_0598,89.283104
TEST_0599,219.0168
TEST_0600,9.417803
TEST_0601,556.0171
TEST_0602,127.506195
TEST_0603,76.30201
TEST_0604,425.21396
TEST_0605,40.56282
TEST_0606,1301.3663
TEST_0607,1249.6737
TEST_0608,466.7653
TEST_0609,161.16968
TEST_0610,133.04407
TEST_0611,78.738914
TEST_0612,65.60534
TEST_0613,30.343313
TEST_0614,248.22711
TEST_0615,29.111217
TEST_0616,28.476492
TEST_0617,40.97743
TEST_0618,305.99936
TEST_0619,49.075558
TEST_0620,63.59159
TEST_0621,140.64456
TEST_0622,390.7236
TEST_0623,242.28891
TEST_0624,273.7979
TEST_0625,29.21379
TEST_0626,334.55896
TEST_0627,527.71045
TEST_0628,442.0587
TEST_0629,515.7625
TEST_0630,123.8541
TEST_0631,310.57846
TEST_0632,108.78675
TEST_0633,10.942229
TEST_0634,20.647614
TEST_0635,158.35353
TEST_0636,248.03406
TEST_0637,24.133427
TEST_0638,183.70279
TEST_0639,385.33307
TEST_0640,136.1437
TEST_0641,50.209988
TEST_0642,402.36887
TEST_0643,1308.8647
TEST_0644,126.205505
TEST_0645,200.4296
TEST_0646,50.148838
TEST_0647,63.8652
TEST_0648,114.364075
TEST_0649,896.83
TEST_0650,1214.2039
TEST_0651,174.13593
TEST_0652,291.8844
TEST_0653,333.6551
TEST_0654,661.2108
TEST_0655,752.8589
TEST_0656,701.90564
TEST_0657,45.808266
TEST_0658,65.49006
TEST_0659,546.60315
TEST_0660,606.0179
TEST_0661,183.45798
TEST_0662,1266.218
TEST_0663,118.364975
TEST_0664,327.30597
TEST_0665,144.83281
TEST_0666,97.17075
TEST_0667,290.0436
TEST_0668,402.2488
TEST_0669,830.9979
TEST_0670,318.7881
TEST_0671,352.9931
TEST_0672,176.2453
TEST_0673,291.6289
TEST_0674,1075.5154
TEST_0675,568.9506
TEST_0676,6.8241634
TEST_0677,114.28011
TEST_0678,88.803444
TEST_0679,118.90946
TEST_0680,745.6501
TEST_0681,370.78305
TEST_0682,205.23422
TEST_0683,817.9406
TEST_0684,55.12578
TEST_0685,367.6052
TEST_0686,153.61298
TEST_0687,79.21119
TEST_0688,53.259895
TEST_0689,98.01793
TEST_0690,38.941654
TEST_0691,40.156624
TEST_0692,1035.634
TEST_0693,257.3345
TEST_0694,24.786919
TEST_0695,45.131474
TEST_0696,315.7084
TEST_0697,305.05444
TEST_0698,95.98388
TEST_0699,306.68747
TEST_0700,136.96558
TEST_0701,42.828545
TEST_0702,56.206497
TEST_0703,52.905937
TEST_0704,33.460014
TEST_0705,120.81765
TEST_0706,37.31452
TEST_0707,410.43555
TEST_0708,225.9114
TEST_0709,194.85927
TEST_0710,66.981674
TEST_0711,1683.6096
TEST_0712,360.40927
TEST_0713,1117.1477
TEST_0714,334.54507
TEST_0715,16.659384
TEST_0716,34.118465
TEST_0717,0.09270234
TEST_0718,231.50816
TEST_0719,1069.4619
TEST_0720,188.3692
TEST_0721,254.12491
TEST_0722,92.385185
TEST_0723,81.6256
TEST_0724,261.09274
TEST_0725,111.55833
TEST_0726,646.6684
TEST_0727,770.466
TEST_0728,57.13637
TEST_0729,53.21181
TEST_0730,113.90958
TEST_0731,199.58858
TEST_0732,453.04633
TEST_0733,41.129097
TEST_0734,649.0803
TEST_0735,126.47476
TEST_0736,354.67703
TEST_0737,272.62097
TEST_0738,1517.3413
TEST_0739,496.8227
TEST_0740,548.9635
TEST_0741,-0.12136147
TEST_0742,5.8770328
TEST_0743,126.9808
TEST_0744,231.4413
TEST_0745,459.47568
TEST_0746,68.85278
TEST_0747,904.19257
TEST_0748,78.96053
TEST_0749,529.9662
TEST_0750,153.74384
TEST_0751,242.75348
TEST_0752,665.3987
TEST_0753,81.64754
TEST_0754,46.27997
TEST_0755,302.12497
TEST_0756,641.5179
TEST_0757,319.51645
TEST_0758,184.16461
TEST_0759,75.616844
TEST_0760,333.8242
TEST_0761,39.227497
TEST_0762,634.18835
TEST_0763,118.26127
TEST_0764,1177.2637
TEST_0765,324.49802
TEST_0766,896.13354
TEST_0767,393.4761
TEST_0768,109.083755
TEST_0769,33.737312
TEST_0770,594.878
TEST_0771,20.141445
TEST_0772,60.202614
TEST_0773,173.44377
TEST_0774,255.94794
TEST_0775,247.37947
TEST_0776,382.0322
TEST_0777,189.52606
TEST_0778,397.8364
TEST_0779,130.03912
TEST_0780,33.0569
TEST_0781,104.50135
TEST_0782,195.64755
TEST_0783,400.9267
TEST_0784,174.6016
TEST_0785,15.233787
TEST_0786,39.57973
TEST_0787,49.687088
TEST_0788,226.79051
TEST_0789,308.35617
TEST_0790,193.63803
TEST_0791,202.98834
TEST_0792,823.4922
TEST_0793,16.339132
TEST_0794,386.62222
TEST_0795,236.71431
TEST_0796,58.845123
TEST_0797,102.417305
TEST_0798,35.278263
TEST_0799,97.061325
TEST_0800,39.462082
TEST_0801,146.18855
TEST_0802,352.14304
TEST_0803,1.8591446
TEST_0804,370.715
TEST_0805,56.18063
TEST_0806,52.347145
TEST_0807,915.86914
TEST_0808,1468.8352
TEST_0809,11.375468
TEST_0810,2.1545465
TEST_0811,18.210028
TEST_0812,153.71106
TEST_0813,177.9676
TEST_0814,47.907143
TEST_0815,37.777054
TEST_0816,461.83994
TEST_0817,71.27824
TEST_0818,17.924597
TEST_0819,40.59748
TEST_0820,804.44977
TEST_0821,34.10017
TEST_0822,52.566677
TEST_0823,17.286053
TEST_0824,59.906445
TEST_0825,35.88343
TEST_0826,627.03906
TEST_0827,47.74109
TEST_0828,-0.1278581
TEST_0829,693.50903
TEST_0830,526.0447
TEST_0831,360.36493
TEST_0832,50.66541
TEST_0833,137.49689
TEST_0834,51.171303
TEST_0835,321.11258
TEST_0836,412.71298
TEST_0837,15.52752
TEST_0838,35.155106
TEST_0839,171.37007
TEST_0840,-0.12136147
TEST_0841,261.3842
TEST_0842,87.81637
TEST_0843,367.0301
TEST_0844,75.63039
TEST_0845,66.91458
TEST_0846,775.8435
TEST_0847,148.07227
TEST_0848,117.353355
TEST_0849,27.843786
TEST_0850,82.22421
TEST_0851,92.03509
TEST_0852,56.022636
TEST_0853,227.5421
TEST_0854,170.36337
TEST_0855,530.6637
TEST_0856,20.050222
TEST_0857,408.07053
TEST_0858,778.749
TEST_0859,94.82265
TEST_0860,98.9758
TEST_0861,128.8504
TEST_0862,362.91382
TEST_0863,53.514816
TEST_0864,588.0056
TEST_0865,156.71265
TEST_0866,166.66873
TEST_0867,85.918205
TEST_0868,24.994864
TEST_0869,453.4078
TEST_0870,27.898743
TEST_0871,507.5705
TEST_0872,335.8748
TEST_0873,27.457031
TEST_0874,548.9505
TEST_0875,195.88318
TEST_0876,374.69266
TEST_0877,561.57947
TEST_0878,21.835526
TEST_0879,531.9685
TEST_0880,321.78287
TEST_0881,110.63586
TEST_0882,481.01245
TEST_0883,377.92764
TEST_0884,68.06435
TEST_0885,45.49561
TEST_0886,103.1449
TEST_0887,152.64389
TEST_0888,54.663937
TEST_0889,17.029287
TEST_0890,33.492447
TEST_0891,288.40656
TEST_0892,942.70715
TEST_0893,146.84213
TEST_0894,43.445023
TEST_0895,182.45207
TEST_0896,80.60769
TEST_0897,230.19107
TEST_0898,58.286457
TEST_0899,596.7511
TEST_0900,67.19161
TEST_0901,264.04944
TEST_0902,20.408993
TEST_0903,311.90005
TEST_0904,376.97018
TEST_0905,39.044502
TEST_0906,540.48096
TEST_0907,279.21835
TEST_0908,698.7912
TEST_0909,182.6898
TEST_0910,575.464
TEST_0911,143.84897
TEST_0912,809.2683
TEST_0913,106.149124
TEST_0914,144.83522
TEST_0915,77.180046
TEST_0916,193.26183
TEST_0917,175.06699
TEST_0918,506.50757
TEST_0919,247.49483
TEST_0920,320.15323
TEST_0921,74.22638
TEST_0922,391.0523
TEST_0923,637.28925
TEST_0924,130.6041
TEST_0925,1065.6599
TEST_0926,179.51068
TEST_0927,229.353
TEST_0928,999.3157
TEST_0929,223.92462
TEST_0930,227.36905
TEST_0931,21.600494
TEST_0932,10.018565
TEST_0933,2.106865
TEST_0934,96.08749
TEST_0935,37.877968
TEST_0936,4.6511173
TEST_0937,197.47032
TEST_0938,52.077583
TEST_0939,79.02979
TEST_0940,884.4741
TEST_0941,34.32292
TEST_0942,25.977644
TEST_0943,1656.9641
TEST_0944,30.310806
TEST_0945,124.56982
TEST_0946,51.91962
TEST_0947,50.24536
TEST_0948,629.4064
TEST_0949,172.87885
TEST_0950,127.06506
TEST_0951,49.24542
TEST_0952,324.4196
TEST_0953,442.15652
TEST_0954,661.3727
TEST_0955,222.24332
TEST_0956,358.3801
TEST_0957,701.39606
TEST_0958,93.356995
TEST_0959,81.8301
TEST_0960,1519.4038
TEST_0961,502.71725
TEST_0962,131.20905
TEST_0963,891.0808
TEST_0964,94.09189
TEST_0965,699.59094
TEST_0966,359.73288
TEST_0967,1132.4453
TEST_0968,265.94937
TEST_0969,19.005354
TEST_0970,24.851833
TEST_0971,592.3899
TEST_0972,330.34665
TEST_0973,105.76275
TEST_0974,579.11285
TEST_0975,186.7879
TEST_0976,453.5353
TEST_0977,644.9083
TEST_0978,89.7177
TEST_0979,89.52681
TEST_0980,475.94666
TEST_0981,475.2776
TEST_0982,70.83651
TEST_0983,187.75238
TEST_0984,159.96848
TEST_0985,72.35659
TEST_0986,113.78668
TEST_0987,206.50064
TEST_0988,154.0991
TEST_0989,905.24243
TEST_0990,1365.5448
TEST_0991,61.867664
TEST_0992,64.59649
TEST_0993,127.975334
TEST_0994,67.0494
TEST_0995,258.51663
TEST_0996,8.118089
TEST_0997,239.38097
TEST_0998,391.40872
TEST_0999,73.52355
TEST_1000,52.21394
TEST_1001,75.77683
TEST_1002,415.72986
TEST_1003,506.5311
TEST_1004,266.9404
TEST_1005,8.990222
TEST_1006,469.05368
TEST_1007,119.36856
TEST_1008,4.452456
TEST_1009,133.03555
TEST_1010,15.621178
TEST_1011,36.185852
TEST_1012,55.165234
TEST_1013,739.1195
TEST_1014,134.5073
TEST_1015,553.891
TEST_1016,524.6167
TEST_1017,436.24197
TEST_1018,597.4403
TEST_1019,252.26025
TEST_1020,55.862175
TEST_1021,898.70325
TEST_1022,145.32745
TEST_1023,96.350655
TEST_1024,86.74422
TEST_1025,143.46468
TEST_1026,29.785446
TEST_1027,74.87949
TEST_1028,339.51935
TEST_1029,69.02259
TEST_1030,172.51978
TEST_1031,283.74197
TEST_1032,248.8097
TEST_1033,261.24084
TEST_1034,82.13532
TEST_1035,299.67245
TEST_1036,300.0717
TEST_1037,18.17762
TEST_1038,111.85142
TEST_1039,526.8005
TEST_1040,156.59315
TEST_1041,659.23096
TEST_1042,208.90115
TEST_1043,17.893337
TEST_1044,1004.296
TEST_1045,84.89342
TEST_1046,173.9352
TEST_1047,416.58383
TEST_1048,585.8519
TEST_1049,24.96784
TEST_1050,1466.0272
TEST_1051,277.82965
TEST_1052,424.4608
TEST_1053,142.33006
TEST_1054,53.861053
TEST_1055,27.899734
TEST_1056,23.87978
TEST_1057,141.78705
TEST_1058,109.63083
TEST_1059,34.37481
TEST_1060,765.6747
TEST_1061,393.90738
TEST_1062,217.32619
TEST_1063,1820.6211
TEST_1064,65.23428
TEST_1065,43.130943
TEST_1066,49.460667
TEST_1067,203.67586
TEST_1068,777.55273
TEST_1069,343.43576
TEST_1070,269.9468
TEST_1071,728.1166
TEST_1072,56.752144
TEST_1073,184.4219
TEST_1074,57.481586
TEST_1075,1248.6299
TEST_1076,117.793625
TEST_1077,30.309353
TEST_1078,190.05437
TEST_1079,87.318535
TEST_1080,1.9022887
TEST_1081,56.64361
TEST_1082,90.763405
TEST_1083,31.984982
TEST_1084,81.23933
TEST_1085,13.2911415
TEST_1086,405.7745
TEST_1087,673.7455
TEST_1088,69.717476
TEST_1089,499.92908
TEST_1090,98.22553
TEST_1091,72.657646
TEST_1092,663.33124
TEST_1093,249.61014
TEST_1094,206.94551
TEST_1095,36.681625
TEST_1096,100.61523
TEST_1097,1014.55756
TEST_1098,698.16956
TEST_1099,44.180298
TEST_1100,480.67014
TEST_1101,296.87387
TEST_1102,29.84375
TEST_1103,327.25974
TEST_1104,93.49222
TEST_1105,24.264261
TEST_1106,708.0814
TEST_1107,456.86307
TEST_1108,38.778286
TEST_1109,628.9681
TEST_1110,420.34402
TEST_1111,334.15305
TEST_1112,43.960785
TEST_1113,90.01093
TEST_1114,23.59214
TEST_1115,225.15877
TEST_1116,238.21158
TEST_1117,383.95413
TEST_1118,87.47335
TEST_1119,205.06677
TEST_1120,197.94128
TEST_1121,44.45883
TEST_1122,59.97437
TEST_1123,436.45157
TEST_1124,63.21927
TEST_1125,508.30502
TEST_1126,139.77707
TEST_1127,23.941433
TEST_1128,56.93974
TEST_1129,291.17953
TEST_1130,73.12836
TEST_1131,6.2754145
TEST_1132,115.96807
TEST_1133,366.11826
TEST_1134,172.97061
TEST_1135,61.21555
TEST_1136,490.90253
TEST_1137,83.15159
TEST_1138,20.963713
TEST_1139,248.18372
TEST_1140,68.24506
TEST_1141,54.750977
TEST_1142,323.03403
TEST_1143,83.80356
TEST_1144,448.5226
TEST_1145,75.33166
TEST_1146,99.84959
TEST_1147,193.29227
TEST_1148,1188.9403
TEST_1149,25.217848
TEST_1150,407.93835
TEST_1151,156.87015
TEST_1152,104.94474
TEST_1153,220.49973
TEST_1154,13.466434
TEST_1155,555.13275
TEST_1156,304.99844
TEST_1157,161.6117
TEST_1158,260.61203
TEST_1159,58.756104
TEST_1160,329.82196
TEST_1161,6.8778167
TEST_1162,245.88976
TEST_1163,407.75772
TEST_1164,147.93314
TEST_1165,36.240276
TEST_1166,22.315657
TEST_1167,86.29877
TEST_1168,317.30762
TEST_1169,876.864
TEST_1170,697.4164
TEST_1171,197.1138
TEST_1172,21.39951
TEST_1173,547.7329
TEST_1174,601.458
TEST_1175,79.991714
TEST_1176,55.835533
TEST_1177,82.83541
TEST_1178,20.153227
TEST_1179,60.837067
TEST_1180,208.31966
TEST_1181,345.10062
TEST_1182,533.3594
TEST_1183,4.541124
TEST_1184,117.539345
TEST_1185,83.01708
TEST_1186,305.1326
TEST_1187,96.61381
TEST_1188,43.72354
TEST_1189,250.6206
TEST_1190,69.114586
TEST_1191,1061.2765
TEST_1192,159.27502
TEST_1193,216.04337
TEST_1194,239.78072
TEST_1195,491.31885
TEST_1196,382.25552
TEST_1197,369.67212
TEST_1198,133.36523
TEST_1199,572.18536
TEST_1200,40.411312
TEST_1201,131.94107
TEST_1202,529.4061
TEST_1203,29.954792
TEST_1204,31.78478
TEST_1205,399.37314
TEST_1206,21.775324
TEST_1207,310.84467
TEST_1208,206.17752
TEST_1209,629.2501
TEST_1210,20.883663
TEST_1211,140.73314
TEST_1212,405.70898
TEST_1213,75.69839
TEST_1214,214.51324
TEST_1215,654.0999
TEST_1216,241.41092
TEST_1217,8.129958
TEST_1218,486.43542
TEST_1219,167.06357
TEST_1220,106.804375
TEST_1221,142.56403
TEST_1222,161.36859
TEST_1223,113.75621
TEST_1224,70.43447
TEST_1225,121.86764
TEST_1226,192.76605
TEST_1227,103.070564
TEST_1228,169.5451
TEST_1229,89.89092
TEST_1230,202.7637
TEST_1231,135.46655
TEST_1232,106.734535
TEST_1233,254.71806
TEST_1234,870.55365
TEST_1235,28.726593
TEST_1236,144.34683
TEST_1237,386.83572
TEST_1238,270.41092
TEST_1239,115.24819
TEST_1240,606.6373
TEST_1241,94.62087
TEST_1242,28.2258
TEST_1243,364.48563
TEST_1244,728.7453
TEST_1245,624.4125
TEST_1246,142.83615
TEST_1247,427.87344
TEST_1248,58.203644
TEST_1249,271.0051
TEST_1250,833.9754
TEST_1251,217.52795
TEST_1252,411.6636
TEST_1253,44.3207
TEST_1254,202.00171
TEST_1255,163.73398
TEST_1256,217.98926
TEST_1257,18.855236
TEST_1258,76.50213
TEST_1259,682.21625
TEST_1260,160.72098
TEST_1261,6.059983
TEST_1262,330.82346
TEST_1263,21.03196
TEST_1264,137.71347
TEST_1265,107.96159
TEST_1266,65.249756
TEST_1267,49.458797
TEST_1268,473.03622
TEST_1269,605.98975
TEST_1270,120.145744
TEST_1271,1626.9033
TEST_1272,274.01694
TEST_1273,44.159874
TEST_1274,39.70983
TEST_1275,111.14735
TEST_1276,74.52607
TEST_1277,12.270207
TEST_1278,386.4195
TEST_1279,488.00623
TEST_1280,86.386955
TEST_1281,27.421959
TEST_1282,56.975216
TEST_1283,471.05862
TEST_1284,114.055405
TEST_1285,1472.7166
TEST_1286,694.2768
TEST_1287,75.163345
TEST_1288,197.94003
TEST_1289,396.1592
TEST_1290,47.249367
TEST_1291,502.05618
TEST_1292,245.95416
TEST_1293,1078.6594
TEST_1294,287.7333
TEST_1295,1021.15784
TEST_1296,11.256959
TEST_1297,234.04657
TEST_1298,1076.375
TEST_1299,345.6237
TEST_1300,11.102552
TEST_1301,224.36328
TEST_1302,213.29427
TEST_1303,811.047
TEST_1304,47.293274
TEST_1305,453.02853
TEST_1306,52.66266
TEST_1307,531.43713
TEST_1308,524.09937
TEST_1309,86.2876
TEST_1310,114.443504
TEST_1311,248.31317
TEST_1312,1335.4478
TEST_1313,385.7698
TEST_1314,250.97192
TEST_1315,270.8853
TEST_1316,185.7864
TEST_1317,45.125362
TEST_1318,167.86835
TEST_1319,85.85544
TEST_1320,227.65073
TEST_1321,168.44247
TEST_1322,590.8938
TEST_1323,82.63758
TEST_1324,9.083892
TEST_1325,46.687603
TEST_1326,112.377464
TEST_1327,573.62537
TEST_1328,143.16565
TEST_1329,815.24725
TEST_1330,69.8867
TEST_1331,91.76368
TEST_1332,249.79285
TEST_1333,59.279625
TEST_1334,257.9217
TEST_1335,424.3002
TEST_1336,920.62836
TEST_1337,30.740593
TEST_1338,84.22721
TEST_1339,306.70175
TEST_1340,628.9026
TEST_1341,207.96745
TEST_1342,611.8576
TEST_1343,76.00487
TEST_1344,42.754517
TEST_1345,19.132782
TEST_1346,197.47414
TEST_1347,675.7773
TEST_1348,193.6461
TEST_1349,443.8815
TEST_1350,120.06754
TEST_1351,9.406365
TEST_1352,296.63153
TEST_1353,46.937263
TEST_1354,108.34082
TEST_1355,279.50912
TEST_1356,504.87125
TEST_1357,24.540003
TEST_1358,840.82745
TEST_1359,428.5337
TEST_1360,868.45984
TEST_1361,248.25745
TEST_1362,155.90422
TEST_1363,43.996895
TEST_1364,134.87073
TEST_1365,758.91797
TEST_1366,520.29156
TEST_1367,297.08994
TEST_1368,454.40872
TEST_1369,749.5382
TEST_1370,47.374935
TEST_1371,590.6871
TEST_1372,91.2264
TEST_1373,55.743607
TEST_1374,941.34924
TEST_1375,42.68585
TEST_1376,19.458157
TEST_1377,80.50026
TEST_1378,98.382996
TEST_1379,44.10616
TEST_1380,123.756325
TEST_1381,26.662857
TEST_1382,23.172308
TEST_1383,570.3511
TEST_1384,54.710762
TEST_1385,16.480377
TEST_1386,951.3174
TEST_1387,23.812523
TEST_1388,24.867342
TEST_1389,466.47128
TEST_1390,52.380653
TEST_1391,170.1795
TEST_1392,376.73758
TEST_1393,285.0881
TEST_1394,7.7735023
TEST_1395,62.714928
TEST_1396,52.753372
TEST_1397,52.405544
TEST_1398,84.210106
TEST_1399,294.2547
TEST_1400,82.29702
TEST_1401,9.389956
TEST_1402,304.4326
TEST_1403,307.489
TEST_1404,70.336845
TEST_1405,296.69296
TEST_1406,55.15516
TEST_1407,275.82925
TEST_1408,631.1597
TEST_1409,1080.8773
TEST_1410,135.2504
TEST_1411,220.48938
TEST_1412,431.1954
TEST_1413,25.689598
TEST_1414,88.9412
TEST_1415,-0.12136147
TEST_1416,6.7221537
TEST_1417,174.40659
TEST_1418,327.04672
TEST_1419,66.320564
TEST_1420,237.41493
TEST_1421,317.24002
TEST_1422,696.03564
TEST_1423,377.4802
TEST_1424,133.83844
TEST_1425,545.1576
TEST_1426,34.48538
TEST_1427,73.671196
TEST_1428,649.35315
TEST_1429,358.51425
TEST_1430,197.72481
TEST_1431,579.50287
TEST_1432,478.64273
TEST_1433,125.26357
TEST_1434,363.92703
TEST_1435,87.50415
TEST_1436,27.139996
TEST_1437,324.76755
TEST_1438,104.7342
TEST_1439,554.93665
TEST_1440,39.68942
TEST_1441,63.91057
TEST_1442,73.52488
TEST_1443,106.64164
TEST_1444,1220.137
TEST_1445,196.79437
TEST_1446,107.85911
TEST_1447,84.77449
TEST_1448,64.6746
TEST_1449,741.2965
TEST_1450,455.4594
TEST_1451,392.20602
TEST_1452,256.34305
TEST_1453,79.40156
TEST_1454,32.641712
TEST_1455,139.36041
TEST_1456,99.61613
TEST_1457,256.58383
TEST_1458,82.14898
TEST_1459,59.37953
TEST_1460,163.24872
TEST_1461,513.2461
TEST_1462,1083.0172
TEST_1463,262.49118
TEST_1464,47.714943
TEST_1465,44.00859
TEST_1466,158.51901
TEST_1467,19.122427
TEST_1468,68.72578
TEST_1469,204.98288
TEST_1470,304.1055
TEST_1471,73.43758
TEST_1472,261.7471
TEST_1473,117.80365
TEST_1474,36.672714
TEST_1475,395.52573
TEST_1476,99.307976
TEST_1477,318.10837
TEST_1478,128.4685
TEST_1479,110.621574
TEST_1480,8.714942
TEST_1481,50.28619
TEST_1482,16.446152
TEST_1483,612.79614
TEST_1484,43.03229
TEST_1485,291.56552
TEST_1486,71.57464
TEST_1487,439.96075
TEST_1488,95.89228
TEST_1489,112.81487
TEST_1490,112.02648
TEST_1491,30.093964
TEST_1492,378.8233
TEST_1493,70.41296
TEST_1494,131.95996
TEST_1495,111.186745
TEST_1496,577.4175
TEST_1497,192.28532
TEST_1498,564.8661
TEST_1499,612.4916
TEST_1500,180.00406
TEST_1501,4.8620205
TEST_1502,20.933172
TEST_1503,962.18854
TEST_1504,404.013
TEST_1505,13.092905
TEST_1506,1545.5266
TEST_1507,1975.7377
TEST_1508,156.2029
TEST_1509,146.1671
TEST_1510,14.435496
TEST_1511,152.23787
TEST_1512,144.06711
TEST_1513,51.32544
TEST_1514,11.133426
TEST_1515,542.24304
TEST_1516,61.8142
TEST_1517,13.514066
TEST_1518,143.55771
TEST_1519,18.760782
TEST_1520,748.88116
TEST_1521,540.6669
TEST_1522,455.47995
TEST_1523,91.281944
TEST_1524,1536.6584
TEST_1525,127.72744
TEST_1526,344.84506
TEST_1527,166.33875
TEST_1528,328.55728
TEST_1529,45.20674
TEST_1530,78.38638
TEST_1531,45.562965
TEST_1532,23.458923
TEST_1533,150.05489
TEST_1534,0.014591403
TEST_1535,188.56143
TEST_1536,0.035437264
TEST_1537,45.866135
TEST_1538,31.490574
TEST_1539,143.07538
TEST_1540,870.0705
TEST_1541,149.8963
TEST_1542,20.573862
TEST_1543,36.725746
TEST_1544,158.73564
TEST_1545,153.29347
TEST_1546,580.57556
TEST_1547,20.720242
TEST_1548,581.70905
TEST_1549,14.766084
TEST_1550,68.7006
TEST_1551,664.1063
TEST_1552,621.0564
TEST_1553,39.92045
TEST_1554,527.0913
TEST_1555,181.39487
TEST_1556,26.998417
TEST_1557,161.37805
TEST_1558,272.73734
TEST_1559,134.496
TEST_1560,498.6403
TEST_1561,285.56693
TEST_1562,153.46704
TEST_1563,63.235386
TEST_1564,16.300667
TEST_1565,599.9065
TEST_1566,699.3965
TEST_1567,122.62701
TEST_1568,90.73235
TEST_1569,94.0066
TEST_1570,155.52814
TEST_1571,25.645157
TEST_1572,41.291576
TEST_1573,110.32504
TEST_1574,529.6953
TEST_1575,36.24819
TEST_1576,20.208076
TEST_1577,594.55817
TEST_1578,330.61978
TEST_1579,99.52859
TEST_1580,623.84875
TEST_1581,162.2644
TEST_1582,85.139305
TEST_1583,212.48137
TEST_1584,124.90774
TEST_1585,63.75244
TEST_1586,43.831116
TEST_1587,192.83728
TEST_1588,40.444984
TEST_1589,651.6829
TEST_1590,587.9093
TEST_1591,77.941956
TEST_1592,92.70847
TEST_1593,522.4791
TEST_1594,403.5106
TEST_1595,351.46573
TEST_1596,616.069
TEST_1597,66.08563
TEST_1598,160.91689
TEST_1599,155.52142
TEST_1600,157.20459
TEST_1601,301.50272
TEST_1602,968.48
TEST_1603,295.36356
TEST_1604,828.38324
TEST_1605,62.31301
TEST_1606,671.4601
TEST_1607,76.39322
TEST_1608,95.936966
TEST_1609,119.82154
TEST_1610,43.74348
TEST_1611,124.71678
TEST_1612,174.09485
TEST_1613,19.94527
TEST_1614,822.69464
TEST_1615,179.74097
TEST_1616,624.6272
TEST_1617,277.34488
TEST_1618,166.47078
TEST_1619,284.5213
TEST_1620,33.292248
TEST_1621,121.117226
TEST_1622,559.6365
TEST_1623,18.219727
TEST_1624,670.0125
TEST_1625,20.07537
TEST_1626,407.27997
TEST_1627,135.08687
TEST_1628,155.1208
TEST_1629,538.6348
TEST_1630,735.7838
TEST_1631,44.690132
TEST_1632,279.8467
TEST_1633,40.91341
TEST_1634,112.72498
TEST_1635,365.82953
TEST_1636,62.23774
TEST_1637,300.60175
TEST_1638,45.523758
TEST_1639,244.06058
TEST_1640,55.272507
TEST_1641,451.9814
TEST_1642,98.425674
TEST_1643,79.51473
TEST_1644,111.70451
TEST_1645,65.496956
TEST_1646,0.44837204
TEST_1647,156.60507
TEST_1648,470.18857
TEST_1649,303.005
TEST_1650,4.3848767
TEST_1651,86.038704
TEST_1652,12.24441
TEST_1653,404.58115
TEST_1654,21.502281
TEST_1655,18.931492
TEST_1656,82.06982
TEST_1657,12.49044
TEST_1658,426.31042
TEST_1659,350.14767
TEST_1660,350.29114
TEST_1661,167.79974
TEST_1662,128.23195
TEST_1663,35.280724
TEST_1664,215.21806
TEST_1665,20.956202
TEST_1666,282.72388
TEST_1667,87.34342
TEST_1668,1526.2455
TEST_1669,571.8081
TEST_1670,343.18564
TEST_1671,135.83353
TEST_1672,53.389687
TEST_1673,251.3547
TEST_1674,29.261337
TEST_1675,400.16812
TEST_1676,466.5601
TEST_1677,17.327637
TEST_1678,59.581787
TEST_1679,129.09135
TEST_1680,155.51193
TEST_1681,51.371788
TEST_1682,566.5963
TEST_1683,535.2092
TEST_1684,66.695305
TEST_1685,30.560066
TEST_1686,31.875612
TEST_1687,22.855015
TEST_1688,178.00764
TEST_1689,229.28355
TEST_1690,112.26386
TEST_1691,66.84235
TEST_1692,0.57635224
TEST_1693,1.6329936
TEST_1694,595.45105
TEST_1695,230.66434
TEST_1696,607.2955
TEST_1697,98.333275
TEST_1698,204.99718
TEST_1699,80.81138
TEST_1700,615.6588
TEST_1701,8.098809
TEST_1702,145.83698
TEST_1703,80.065475
TEST_1704,665.32214
TEST_1705,32.392548
TEST_1706,43.987434
TEST_1707,313.363
TEST_1708,562.7706
TEST_1709,18.35393
TEST_1710,457.05722
TEST_1711,150.98746
TEST_1712,90.64126
TEST_1713,383.85513
TEST_1714,39.413685
TEST_1715,267.14438
TEST_1716,73.115105
TEST_1717,703.68286
TEST_1718,137.8842
TEST_1719,279.54868
TEST_1720,236.74947
TEST_1721,82.12569
TEST_1722,66.39614
TEST_1723,651.5796
TEST_1724,81.18058
TEST_1725,39.710617
TEST_1726,681.06604
TEST_1727,98.07182
TEST_1728,182.31807
TEST_1729,33.98568
TEST_1730,572.533
TEST_1731,2726.2747
TEST_1732,57.900482
TEST_1733,61.731075
TEST_1734,965.93896
TEST_1735,136.4084
TEST_1736,22.91085
TEST_1737,781.6852
TEST_1738,936.368
TEST_1739,57.969917
TEST_1740,816.98676
TEST_1741,-0.12136147
TEST_1742,149.24715
TEST_1743,10.886817
TEST_1744,216.86426
TEST_1745,29.24616
TEST_1746,79.35134
TEST_1747,-0.12136147
TEST_1748,155.33372
TEST_1749,359.75192
TEST_1750,37.502182
TEST_1751,658.34424
TEST_1752,233.03859
TEST_1753,717.37854
TEST_1754,40.2994
TEST_1755,355.48972
TEST_1756,108.81892
TEST_1757,5.3577
TEST_1758,252.3388
TEST_1759,86.361885
TEST_1760,166.47319
TEST_1761,11.322061
TEST_1762,168.22449
TEST_1763,23.100212
TEST_1764,733.3092
TEST_1765,59.674362
TEST_1766,50.124855
TEST_1767,371.9294
TEST_1768,286.32828
TEST_1769,154.15265
TEST_1770,40.60795
TEST_1771,50.198483
TEST_1772,526.36395
TEST_1773,64.97505
TEST_1774,155.37564
TEST_1775,60.3714
TEST_1776,-0.12398688
TEST_1777,177.84802
TEST_1778,302.3113
TEST_1779,15.603535
TEST_1780,660.1524
TEST_1781,105.36641
TEST_1782,410.31857
TEST_1783,338.7639
TEST_1784,64.194725
TEST_1785,1258.3672
TEST_1786,71.95827
TEST_1787,37.406784
TEST_1788,9.586921
TEST_1789,84.64192
TEST_1790,490.80087
TEST_1791,1.0759974
TEST_1792,119.18464
TEST_1793,71.92623
TEST_1794,72.46423
TEST_1795,283.18918
TEST_1796,72.30932
TEST_1797,12.756967
TEST_1798,246.26343
TEST_1799,57.505043
TEST_1800,128.2725
TEST_1801,599.9502
TEST_1802,1815.0054
TEST_1803,128.18257
TEST_1804,407.60034
TEST_1805,120.97887
TEST_1806,80.519714
TEST_1807,591.018
TEST_1808,151.19475
TEST_1809,101.3757
TEST_1810,810.99023
TEST_1811,77.78839
TEST_1812,393.85257
TEST_1813,175.75352
TEST_1814,2792.8918
TEST_1815,94.44776
TEST_1816,86.23394
TEST_1817,369.2981
TEST_1818,73.417015
TEST_1819,235.89415
TEST_1820,112.6227
TEST_1821,687.94965
TEST_1822,107.660194
TEST_1823,4.4232802
TEST_1824,32.280083
TEST_1825,21.726093
TEST_1826,356.67844
TEST_1827,1842.5378
TEST_1828,485.22888
TEST_1829,8.142343
TEST_1830,525.078
TEST_1831,14.665231
TEST_1832,900.6226
TEST_1833,74.44057
TEST_1834,49.343185
TEST_1835,628.884
TEST_1836,97.119774
TEST_1837,73.299355
TEST_1838,346.5666
TEST_1839,993.95404
TEST_1840,468.8203
TEST_1841,317.16385
TEST_1842,586.1533
TEST_1843,350.42776
TEST_1844,7.9530234
TEST_1845,56.94025
TEST_1846,146.99817
TEST_1847,396.1406
TEST_1848,277.13092
TEST_1849,80.04298
TEST_1850,24.99208
TEST_1851,166.321
TEST_1852,430.74808
TEST_1853,161.22333
TEST_1854,583.3803
TEST_1855,421.62723
TEST_1856,62.670677
TEST_1857,52.00485
TEST_1858,35.437965
TEST_1859,88.50269
TEST_1860,80.498924
TEST_1861,243.47499
TEST_1862,1023.3058
TEST_1863,65.53794
TEST_1864,63.014534
TEST_1865,112.32545
TEST_1866,31.026978
TEST_1867,226.01479
TEST_1868,385.0952
TEST_1869,117.362854
TEST_1870,366.3915
TEST_1871,264.39853
TEST_1872,83.170845
TEST_1873,49.820854
TEST_1874,50.42667
TEST_1875,219.6398
TEST_1876,-0.11605367
TEST_1877,99.15891
TEST_1878,226.15652
TEST_1879,50.394264
TEST_1880,115.10979
TEST_1881,774.19165
TEST_1882,128.68005
TEST_1883,54.616722
TEST_1884,240.62427
TEST_1885,324.87766
TEST_1886,22.471594
TEST_1887,-0.12136147
TEST_1888,123.850655
TEST_1889,93.6135
TEST_1890,1224.7954
TEST_1891,659.7196
TEST_1892,39.66307
TEST_1893,162.81415
TEST_1894,365.23795
TEST_1895,450.7664
TEST_1896,349.5324
TEST_1897,89.374504
TEST_1898,67.22194
TEST_1899,23.026287
TEST_1900,70.77961
TEST_1901,56.52048
TEST_1902,757.30884
TEST_1903,376.19025
TEST_1904,392.797
TEST_1905,188.36655
TEST_1906,57.255753
TEST_1907,356.24783
TEST_1908,71.1574
TEST_1909,132.41852
TEST_1910,381.053
TEST_1911,30.461014
TEST_1912,64.178185
TEST_1913,255.12596
TEST_1914,466.59778
TEST_1915,57.62427
TEST_1916,81.05222
TEST_1917,50.787704
TEST_1918,84.97384
TEST_1919,238.43799
TEST_1920,177.3842
TEST_1921,179.97333
TEST_1922,641.3543
TEST_1923,41.585255
TEST_1924,287.02573
TEST_1925,28.529264
TEST_1926,91.520584
TEST_1927,53.727943
TEST_1928,210.04573
TEST_1929,29.023796
TEST_1930,652.2095
TEST_1931,15.434483
TEST_1932,671.01605
TEST_1933,183.49576
TEST_1934,185.79807
TEST_1935,129.45436
TEST_1936,493.90353
TEST_1937,183.01764
TEST_1938,271.1665
TEST_1939,194.64287
TEST_1940,75.46508
TEST_1941,58.545315
TEST_1942,86.7864
TEST_1943,132.5522
TEST_1944,1171.108
TEST_1945,290.83542
TEST_1946,56.88275
TEST_1947,119.738106
TEST_1948,454.2896
TEST_1949,377.1121
TEST_1950,244.2129
TEST_1951,23.357906
TEST_1952,64.096214
TEST_1953,83.69283
TEST_1954,100.15177
TEST_1955,157.07178
TEST_1956,219.13094
TEST_1957,127.79893
TEST_1958,762.73724
TEST_1959,55.83835
TEST_1960,52.354126
TEST_1961,839.1282
TEST_1962,19.048195
TEST_1963,206.7772
TEST_1964,71.324234
TEST_1965,43.366287
TEST_1966,52.451782
TEST_1967,453.41867
TEST_1968,333.38214
TEST_1969,138.95355
TEST_1970,107.3917
TEST_1971,56.38501
TEST_1972,67.54988
TEST_1973,230.58934
TEST_1974,-0.12136147
TEST_1975,60.686634
TEST_1976,680.50867
TEST_1977,680.8982
TEST_1978,122.05093
TEST_1979,129.51266
TEST_1980,141.65247
TEST_1981,0.99133134
TEST_1982,41.083427
TEST_1983,266.10275
TEST_1984,120.960724
TEST_1985,73.661156
TEST_1986,101.822105
TEST_1987,56.718994
TEST_1988,235.76619
TEST_1989,236.22783
TEST_1990,281.92218
TEST_1991,888.4938
TEST_1992,611.85657
TEST_1993,91.97454
TEST_1994,83.29188
TEST_1995,82.95011
TEST_1996,557.4951
TEST_1997,45.798203
TEST_1998,122.45931
TEST_1999,45.17555
TEST_2000,65.871925
TEST_2001,128.68448
TEST_2002,712.82916
TEST_2003,11.732841
TEST_2004,0.013126694
TEST_2005,356.52304
TEST_2006,56.945206
TEST_2007,601.588
TEST_2008,658.61487
TEST_2009,307.79233
TEST_2010,107.77206
TEST_2011,296.66605
TEST_2012,728.8391
TEST_2013,221.13644
TEST_2014,296.1146
TEST_2015,78.14175
TEST_2016,536.7236
TEST_2017,326.32727
TEST_2018,3.1437638
TEST_2019,535.9291
TEST_2020,106.965775
TEST_2021,50.433556
TEST_2022,25.854574
TEST_2023,11.461581
TEST_2024,734.87115
TEST_2025,367.74643
TEST_2026,59.447296
TEST_2027,233.28781
TEST_2028,22.00167
TEST_2029,366.9599
TEST_2030,217.05745
TEST_2031,87.095345
TEST_2032,14.578715
TEST_2033,34.057182
TEST_2034,122.58682
TEST_2035,284.1606
TEST_2036,179.05856
TEST_2037,96.88594
TEST_2038,33.013786
TEST_2039,523.2898
TEST_2040,171.85722
TEST_2041,4.1348996
TEST_2042,242.0907
TEST_2043,65.408806
TEST_2044,104.70852
TEST_2045,967.52435
TEST_2046,116.373085
TEST_2047,35.6103
TEST_2048,72.69136
TEST_2049,46.91972
TEST_2050,44.8817
TEST_2051,20.278542
TEST_2052,181.9396
TEST_2053,58.303917
TEST_2054,83.35691
TEST_2055,254.33774
TEST_2056,60.127716
TEST_2057,472.65594
TEST_2058,165.0262
TEST_2059,152.64148
TEST_2060,228.54211
TEST_2061,42.674
TEST_2062,648.78345
TEST_2063,368.13013
TEST_2064,766.60913
TEST_2065,750.7643
TEST_2066,153.78012
TEST_2067,30.933971
TEST_2068,53.77681
TEST_2069,45.97409
TEST_2070,133.32417
TEST_2071,231.04703
TEST_2072,262.0141
TEST_2073,418.98532
TEST_2074,542.2462
TEST_2075,123.30954
TEST_2076,151.13025
TEST_2077,79.247154
TEST_2078,66.39033
TEST_2079,647.94006
TEST_2080,436.5867
TEST_2081,11.24303
TEST_2082,64.56867
TEST_2083,57.02403
TEST_2084,137.15536
TEST_2085,28.67757
TEST_2086,121.90392
TEST_2087,277.93845
TEST_2088,126.06028
TEST_2089,561.6147
TEST_2090,1302.9305
TEST_2091,80.393074
TEST_2092,865.83545
TEST_2093,719.33215
TEST_2094,81.093605
TEST_2095,21.499264
TEST_2096,483.76468
TEST_2097,467.52243
TEST_2098,58.51926
TEST_2099,189.49054
TEST_2100,91.79494
TEST_2101,860.19867
TEST_2102,234.06717
TEST_2103,98.5931
TEST_2104,120.65039
TEST_2105,42.204258
TEST_2106,41.29669
TEST_2107,34.886856
TEST_2108,898.51733
TEST_2109,154.45523
TEST_2110,802.798
TEST_2111,795.65735
TEST_2112,69.81135
TEST_2113,97.19092
TEST_2114,77.40881
TEST_2115,128.90363
TEST_2116,10.901302
TEST_2117,85.95814
TEST_2118,66.99749
TEST_2119,261.46313
TEST_2120,34.588333
TEST_2121,49.717735
TEST_2122,146.52127
TEST_2123,58.6563
TEST_2124,304.10263
TEST_2125,47.342575
TEST_2126,160.78879
TEST_2127,178.42627
TEST_2128,341.37158
TEST_2129,33.751804
TEST_2130,37.696945
TEST_2131,295.98245
TEST_2132,60.095158
TEST_2133,212.98914
TEST_2134,40.814037
TEST_2135,-0.12136147
TEST_2136,99.65609
TEST_2137,60.10018
TEST_2138,1267.9319
TEST_2139,248.38538
TEST_2140,205.71161
TEST_2141,1234.4271
TEST_2142,314.69165
TEST_2143,203.53925
TEST_2144,25.142868
TEST_2145,352.6504
TEST_2146,328.00085
TEST_2147,345.45456
TEST_2148,26.152344
TEST_2149,1155.2173
TEST_2150,71.984505
TEST_2151,33.352905
TEST_2152,44.004723
TEST_2153,75.88716
TEST_2154,57.453823
TEST_2155,104.18013
TEST_2156,22.418217
TEST_2157,254.1534
TEST_2158,18.415483
TEST_2159,1707.3384
TEST_2160,267.79706
TEST_2161,94.51426
TEST_2162,133.37512
TEST_2163,153.92448
TEST_2164,269.7537
TEST_2165,95.746124
TEST_2166,77.569084
TEST_2167,134.02547
TEST_2168,510.99362
TEST_2169,28.254456
TEST_2170,444.12848
TEST_2171,289.0795
TEST_2172,38.27159
TEST_2173,47.90669
TEST_2174,350.84982
TEST_2175,-0.13882458
TEST_2176,257.36075
TEST_2177,56.948257
TEST_2178,52.930637
TEST_2179,1057.3595
TEST_2180,22.022566
TEST_2181,310.60678
TEST_2182,52.934692
TEST_2183,451.37744
TEST_2184,69.907265
TEST_2185,397.63016
TEST_2186,102.29594
TEST_2187,155.9863
TEST_2188,891.82367
TEST_2189,61.980198
TEST_2190,140.34714
TEST_2191,47.828285
TEST_2192,162.86963
TEST_2193,104.26228
TEST_2194,47.838463
TEST_2195,988.9946
TEST_2196,93.66194
TEST_2197,48.51655
TEST_2198,89.240746
TEST_2199,35.314644
TEST_2200,19.266663
TEST_2201,124.41714
TEST_2202,25.087805
TEST_2203,2254.9265
TEST_2204,557.093
TEST_2205,47.448914
TEST_2206,148.2748
TEST_2207,6.9962397
TEST_2208,212.2093
TEST_2209,224.10909
TEST_2210,201.10556
TEST_2211,459.7112
TEST_2212,162.62129
TEST_2213,369.1473
TEST_2214,40.024563
TEST_2215,61.07429
TEST_2216,118.37826
TEST_2217,317.71616
TEST_2218,117.32616
TEST_2219,10.362938
TEST_2220,40.669853
TEST_2221,178.84561
TEST_2222,0.2585704
TEST_2223,181.96315
TEST_2224,-0.12173423
TEST_2225,180.07445
TEST_2226,880.4138
TEST_2227,36.947582
TEST_2228,485.43784
TEST_2229,703.92993
TEST_2230,161.28937
TEST_2231,121.8395
TEST_2232,200.5936
TEST_2233,15.143317
TEST_2234,684.4905
TEST_2235,258.3832
TEST_2236,382.72238
TEST_2237,203.12292
TEST_2238,291.31976
TEST_2239,182.23792
TEST_2240,246.19907
TEST_2241,471.12454
TEST_2242,81.24201
TEST_2243,36.097214
TEST_2244,120.772606
TEST_2245,43.95673
TEST_2246,362.54633
TEST_2247,368.09317
TEST_2248,68.6867
TEST_2249,177.61417
TEST_2250,288.94653
TEST_2251,42.857185
TEST_2252,220.88348
TEST_2253,15.117069
TEST_2254,673.52673
TEST_2255,153.2934
TEST_2256,675.8388
TEST_2257,132.27875
TEST_2258,342.85104
TEST_2259,518.7084
TEST_2260,34.969536
TEST_2261,614.1592
TEST_2262,354.08932
TEST_2263,65.14844
TEST_2264,86.23614
TEST_2265,486.89496
TEST_2266,251.22916
TEST_2267,43.610607
TEST_2268,59.244316
TEST_2269,68.44226
TEST_2270,383.22202
TEST_2271,668.8992
TEST_2272,53.107513
TEST_2273,70.991585
TEST_2274,96.55113
TEST_2275,19.967598
TEST_2276,38.93164
TEST_2277,290.04144
TEST_2278,40.633354
TEST_2279,57.89966
TEST_2280,14.262612
TEST_2281,267.34695
TEST_2282,261.9708
TEST_2283,139.78125
TEST_2284,86.12957
TEST_2285,379.43686
TEST_2286,4.8507752
TEST_2287,97.09928
TEST_2288,69.19506
TEST_2289,79.53626
TEST_2290,232.9508
TEST_2291,818.4221
TEST_2292,371.79166
TEST_2293,41.370235
TEST_2294,378.5695
TEST_2295,399.67044
TEST_2296,188.3026
TEST_2297,424.54453
TEST_2298,69.79134
TEST_2299,18.09761
TEST_2300,251.73906
TEST_2301,435.04855
TEST_2302,113.15501
TEST_2303,28.871346
TEST_2304,59.207523
TEST_2305,315.48642
TEST_2306,440.53995
TEST_2307,470.38626
TEST_2308,50.268444
TEST_2309,414.1586
TEST_2310,310.1591
TEST_2311,90.78466
TEST_2312,21.182085
TEST_2313,154.97719
TEST_2314,13.238374
TEST_2315,88.79328
TEST_2316,126.09309
TEST_2317,49.49746
TEST_2318,57.96606
TEST_2319,301.49933
TEST_2320,167.44084
TEST_2321,184.40799
TEST_2322,430.99304
TEST_2323,93.26557
TEST_2324,588.4247
TEST_2325,133.74374
TEST_2326,30.995667
TEST_2327,25.684662
TEST_2328,267.93015
TEST_2329,1885.1305
TEST_2330,167.94836
TEST_2331,66.770966
TEST_2332,29.602146
TEST_2333,381.57095
TEST_2334,30.556402
TEST_2335,46.57585
TEST_2336,707.6269
TEST_2337,297.52155
TEST_2338,455.51334
TEST_2339,286.1878
TEST_2340,43.504723
TEST_2341,24.415617
TEST_2342,124.51626
TEST_2343,143.91447
TEST_2344,1272.3118
TEST_2345,72.818016
TEST_2346,90.80926
TEST_2347,993.42554
TEST_2348,37.045914
TEST_2349,39.104156
TEST_2350,866.12305
TEST_2351,51.19808
TEST_2352,279.711
TEST_2353,287.97305
TEST_2354,58.73553
TEST_2355,118.5237
TEST_2356,216.22261
TEST_2357,119.50703
TEST_2358,187.32845
TEST_2359,282.5815
TEST_2360,485.34354
TEST_2361,23.455933
TEST_2362,417.39975
TEST_2363,7.182479
TEST_2364,367.78564
TEST_2365,448.94376
TEST_2366,877.5796
TEST_2367,236.85725
TEST_2368,215.72237
TEST_2369,494.1406
TEST_2370,57.784622
TEST_2371,168.9675
TEST_2372,1000.6478
TEST_2373,497.14493
TEST_2374,242.25943
TEST_2375,47.845837
TEST_2376,602.3386
TEST_2377,443.9208
TEST_2378,71.57195
TEST_2379,66.98181
TEST_2380,84.43206
TEST_2381,242.67795
TEST_2382,72.50861
TEST_2383,461.54236
TEST_2384,144.96645
TEST_2385,17.961098
TEST_2386,560.5393
TEST_2387,150.46834
TEST_2388,791.0903
TEST_2389,357.45273
TEST_2390,328.4343
TEST_2391,31.55601
TEST_2392,649.8473
TEST_2393,386.85294
TEST_2394,21.245375
TEST_2395,55.847305
TEST_2396,108.682236
TEST_2397,423.12833
TEST_2398,296.9491
TEST_2399,517.3694
TEST_2400,169.7297
TEST_2401,-0.12136147
TEST_2402,302.05066
TEST_2403,35.317078
TEST_2404,178.81152
TEST_2405,1064.0912
TEST_2406,12.371437
TEST_2407,831.4279
TEST_2408,254.51326
TEST_2409,34.991516
TEST_2410,170.70563
TEST_2411,30.590763
TEST_2412,188.70212
TEST_2413,-0.11904722
TEST_2414,3.5991108
TEST_2415,74.37552
TEST_2416,611.62726
TEST_2417,519.73645
TEST_2418,236.133
TEST_2419,37.98584
TEST_2420,624.95197
TEST_2421,639.01855
TEST_2422,40.797104
TEST_2423,415.51053
TEST_2424,419.2808
TEST_2425,56.25752
TEST_2426,89.18929
TEST_2427,142.57611
TEST_2428,19.061047
TEST_2429,73.65574
TEST_2430,40.87902
TEST_2431,72.89475
TEST_2432,765.0653
TEST_2433,40.025284
TEST_2434,338.57816
TEST_2435,327.0683
TEST_2436,1643.0192
TEST_2437,485.22635
TEST_2438,241.43646
TEST_2439,494.68344
TEST_2440,248.62231
TEST_2441,34.703815
TEST_2442,77.93368
TEST_2443,216.8925
TEST_2444,307.5166
TEST_2445,105.275375
TEST_2446,5.3651557
TEST_2447,146.51662
TEST_2448,13.420989
TEST_2449,351.60464
TEST_2450,66.664925
TEST_2451,26.682236
TEST_2452,194.7342
TEST_2453,44.225525
TEST_2454,55.019424
TEST_2455,17.694355
TEST_2456,72.64231
TEST_2457,33.598724
TEST_2458,95.29311
TEST_2459,471.50687
TEST_2460,599.75073
TEST_2461,17.402624
TEST_2462,135.36385
TEST_2463,1112.8506
TEST_2464,189.13794
TEST_2465,186.70633
TEST_2466,489.4628
TEST_2467,122.31063
TEST_2468,125.40497
TEST_2469,59.12805
TEST_2470,76.34753
TEST_2471,259.76187
TEST_2472,228.29463
TEST_2473,501.78342
TEST_2474,437.7125
TEST_2475,314.7493
TEST_2476,1938.8081
TEST_2477,269.28946
TEST_2478,9.465699
TEST_2479,130.14934
TEST_2480,145.16228
TEST_2481,241.35529
TEST_2482,609.30884
TEST_2483,166.65027
TEST_2484,79.56678
TEST_2485,96.14901
TEST_2486,520.296
TEST_2487,131.04663
TEST_2488,204.55093
TEST_2489,24.51182
TEST_2490,1220.7769
TEST_2491,184.87216
TEST_2492,18.878662
TEST_2493,66.052536
TEST_2494,231.53377
TEST_2495,650.9607
TEST_2496,440.48264
TEST_2497,69.92872
TEST_2498,300.21472
TEST_2499,334.62152
TEST_2500,94.68148
TEST_2501,82.823814
TEST_2502,3.4444225
TEST_2503,184.25957
TEST_2504,704.9292
TEST_2505,-0.12136147
TEST_2506,373.74255
TEST_2507,98.78886
TEST_2508,88.20032
TEST_2509,257.61356
TEST_2510,510.2543
TEST_2511,68.981926
TEST_2512,184.96124
TEST_2513,275.5822
TEST_2514,258.939
TEST_2515,86.194695
TEST_2516,8.546187
TEST_2517,289.53305
TEST_2518,185.95001
TEST_2519,77.28412
TEST_2520,536.6776
TEST_2521,36.043457
TEST_2522,128.4479
TEST_2523,241.86511
TEST_2524,210.40218
TEST_2525,71.240486
TEST_2526,330.83896
TEST_2527,450.7745
TEST_2528,639.1022
TEST_2529,228.42117
TEST_2530,54.314995
TEST_2531,611.66986
TEST_2532,693.02637
TEST_2533,61.654808
TEST_2534,106.628654
TEST_2535,67.77559
TEST_2536,26.990816
TEST_2537,66.46319
TEST_2538,1019.95996
TEST_2539,163.7348
TEST_2540,1722.03
TEST_2541,82.6798
TEST_2542,268.63962
TEST_2543,171.82056
TEST_2544,160.99312
TEST_2545,526.62616
TEST_2546,266.45407
TEST_2547,152.7099
TEST_2548,669.2198
TEST_2549,72.58016
TEST_2550,108.43671
TEST_2551,267.91312
TEST_2552,66.72556
TEST_2553,412.13983
TEST_2554,41.81997
TEST_2555,370.0777
TEST_2556,23.209373
TEST_2557,28.61803
TEST_2558,670.63074
TEST_2559,119.71918
TEST_2560,11.102738
TEST_2561,13.728973
TEST_2562,1846.2646
TEST_2563,83.68607
TEST_2564,523.61804
TEST_2565,169.6385
TEST_2566,15.139931
TEST_2567,552.13306
TEST_2568,34.05679
TEST_2569,37.95951
TEST_2570,174.78703
TEST_2571,218.81523
TEST_2572,54.117085
TEST_2573,585.386
TEST_2574,965.68164
TEST_2575,685.29834
TEST_2576,426.13016
TEST_2577,100.95377
TEST_2578,55.28228
TEST_2579,1101.9426
TEST_2580,13.409289
TEST_2581,47.41857
TEST_2582,483.46405
TEST_2583,41.907936
TEST_2584,19.566381
TEST_2585,133.08386
TEST_2586,120.186676
TEST_2587,434.59088
TEST_2588,105.68215
TEST_2589,559.5585
TEST_2590,125.70455
TEST_2591,101.46418
TEST_2592,179.56892
TEST_2593,165.77869
TEST_2594,161.68921
TEST_2595,23.004013
TEST_2596,320.2394
TEST_2597,616.6976
TEST_2598,58.548233
TEST_2599,835.44714
TEST_2600,504.61758
TEST_2601,68.46914
TEST_2602,125.63103
TEST_2603,587.1046
TEST_2604,781.2296
TEST_2605,52.526596
TEST_2606,99.28527
TEST_2607,93.7462
TEST_2608,0.97493374
TEST_2609,350.3267
TEST_2610,63.455563
TEST_2611,26.906702
TEST_2612,-0.039899535
TEST_2613,113.112816
TEST_2614,274.8018
TEST_2615,66.13592
TEST_2616,91.93327
TEST_2617,8.067446
TEST_2618,175.47723
TEST_2619,150.22223
TEST_2620,907.00604
TEST_2621,332.63498
TEST_2622,117.71076
TEST_2623,107.80184
TEST_2624,308.76083
TEST_2625,1819.5364
TEST_2626,788.15894
TEST_2627,133.5395
TEST_2628,29.04258
TEST_2629,12.65879
TEST_2630,39.877167
TEST_2631,255.24956
TEST_2632,35.338715
TEST_2633,105.107285
TEST_2634,410.8126
TEST_2635,1650.2646
TEST_2636,362.05795
TEST_2637,488.64624
TEST_2638,316.26816
TEST_2639,79.83704
TEST_2640,43.08242
TEST_2641,96.55451
TEST_2642,612.2592
TEST_2643,459.06583
TEST_2644,134.7481
TEST_2645,102.153755
TEST_2646,94.98504
TEST_2647,418.45575
TEST_2648,86.35656
TEST_2649,111.3957
TEST_2650,183.75781
TEST_2651,132.27583
TEST_2652,1139.4814
TEST_2653,409.97458
TEST_2654,39.195335
TEST_2655,148.69101
TEST_2656,350.83582
TEST_2657,406.79556
TEST_2658,737.30133
TEST_2659,530.4816
TEST_2660,412.3502
TEST_2661,312.9562
TEST_2662,58.067436
TEST_2663,103.73382
TEST_2664,158.12692
TEST_2665,226.24127
TEST_2666,40.86539
TEST_2667,58.519005
TEST_2668,440.9638
TEST_2669,47.320175
TEST_2670,115.00598
TEST_2671,390.9037
TEST_2672,67.24449
TEST_2673,67.84441
TEST_2674,57.466743
TEST_2675,189.29459
TEST_2676,41.65841
TEST_2677,71.96657
TEST_2678,7.9811625
TEST_2679,295.4256
TEST_2680,1513.1685
TEST_2681,56.873604
TEST_2682,0.2044923
TEST_2683,44.131245
TEST_2684,46.72219
TEST_2685,316.03345
TEST_2686,290.53036
TEST_2687,5.093107
TEST_2688,22.045353
TEST_2689,269.1065
TEST_2690,49.748856
TEST_2691,199.98428
TEST_2692,244.68286
TEST_2693,74.56098
TEST_2694,87.22898
TEST_2695,700.6801
TEST_2696,575.45
TEST_2697,23.316727
TEST_2698,0.06281837
TEST_2699,1351.7812
TEST_2700,216.23259
TEST_2701,82.60987
TEST_2702,123.05151
TEST_2703,279.53003
TEST_2704,19.401085
TEST_2705,143.01572
TEST_2706,234.16327
TEST_2707,579.09094
TEST_2708,403.03964
TEST_2709,439.1655
TEST_2710,153.01907
TEST_2711,121.05741
TEST_2712,360.63043
TEST_2713,19.770096
TEST_2714,98.06335
TEST_2715,245.41994
TEST_2716,435.62854
TEST_2717,484.3445
TEST_2718,7.2666726
TEST_2719,33.121956
TEST_2720,302.6478
TEST_2721,450.50906
TEST_2722,53.6763
TEST_2723,191.3075
TEST_2724,317.4808
TEST_2725,33.528675
TEST_2726,131.28818
TEST_2727,115.723526
TEST_2728,166.07896
TEST_2729,1.0590799
TEST_2730,26.926468
TEST_2731,252.61038
TEST_2732,355.22513
TEST_2733,497.3605
TEST_2734,44.877796
TEST_2735,251.64258
TEST_2736,48.91889
TEST_2737,359.46628
TEST_2738,257.84348
TEST_2739,51.35061
TEST_2740,421.27124
TEST_2741,606.39185
TEST_2742,792.6738
TEST_2743,337.59277
TEST_2744,172.65076
TEST_2745,124.94686
TEST_2746,201.79903
TEST_2747,475.69846
TEST_2748,53.312786
TEST_2749,40.697945
TEST_2750,39.00769
TEST_2751,17.040937
TEST_2752,404.46194
TEST_2753,1192.5648
TEST_2754,1.101482
TEST_2755,121.28359
TEST_2756,8.975601
TEST_2757,739.68005
TEST_2758,223.92375
TEST_2759,594.6612
TEST_2760,238.19516
TEST_2761,126.106476
TEST_2762,5.1247544
TEST_2763,357.76065
TEST_2764,39.17039
TEST_2765,1221.6158
TEST_2766,148.45038
TEST_2767,90.91195
TEST_2768,78.31099
TEST_2769,148.94928
TEST_2770,76.737144
TEST_2771,300.3062
TEST_2772,473.03897
TEST_2773,4.179606
TEST_2774,314.02704
TEST_2775,386.4779
TEST_2776,685.7142
TEST_2777,222.20529
TEST_2778,1261.9412
TEST_2779,54.1577
TEST_2780,307.30176
TEST_2781,1370.1262
TEST_2782,544.0677
TEST_2783,42.14363
TEST_2784,276.04858
TEST_2785,382.09677
TEST_2786,15.998626
TEST_2787,29.29229
TEST_2788,305.17642
TEST_2789,144.07639
TEST_2790,290.87515
TEST_2791,232.08922
TEST_2792,514.9677
TEST_2793,135.82942
TEST_2794,110.25851
TEST_2795,594.224
TEST_2796,134.19336
TEST_2797,693.4055
TEST_2798,85.23998
TEST_2799,19.234911
TEST_2800,181.77133
TEST_2801,213.8681
TEST_2802,39.638405
TEST_2803,474.38678
TEST_2804,26.415222
TEST_2805,34.82937
TEST_2806,74.48328
TEST_2807,254.71036
TEST_2808,206.12863
TEST_2809,68.58117
TEST_2810,295.41492
TEST_2811,347.5047
TEST_2812,104.04004
TEST_2813,220.58925
TEST_2814,332.7799
TEST_2815,33.40367
TEST_2816,31.057621
TEST_2817,47.648277
TEST_2818,67.36056
TEST_2819,16.711472
TEST_2820,82.64954
TEST_2821,133.85815
TEST_2822,581.2595
TEST_2823,2.95392
TEST_2824,228.94382
TEST_2825,1095.6823
TEST_2826,640.08716
TEST_2827,900.0995
TEST_2828,49.963963
TEST_2829,1050.7771
TEST_2830,66.5411
TEST_2831,181.34949
TEST_2832,256.58356
TEST_2833,27.230957
TEST_2834,143.53397
TEST_2835,232.4607
TEST_2836,395.67172
TEST_2837,76.40168
TEST_2838,482.57703
TEST_2839,73.504585
TEST_2840,546.6225
TEST_2841,95.565926
TEST_2842,997.13367
TEST_2843,135.95236
TEST_2844,485.74457
TEST_2845,150.7603
TEST_2846,301.73987
TEST_2847,512.88684
TEST_2848,89.03324
TEST_2849,352.4251
TEST_2850,125.97675
TEST_2851,307.73553
TEST_2852,82.96731
TEST_2853,127.5608
TEST_2854,33.287926
TEST_2855,62.95514
TEST_2856,705.56396
TEST_2857,438.23538
TEST_2858,382.7282
TEST_2859,344.285
TEST_2860,125.93453
TEST_2861,574.12396
TEST_2862,43.27579
TEST_2863,519.99054
TEST_2864,156.7194
TEST_2865,6.8446636
TEST_2866,395.85544
TEST_2867,264.82968
TEST_2868,120.470665
TEST_2869,48.2826
TEST_2870,107.772545
TEST_2871,318.6046
TEST_2872,308.3621
TEST_2873,671.94006
TEST_2874,1181.4448
TEST_2875,67.06493
TEST_2876,26.78294
TEST_2877,907.06384
TEST_2878,356.28317
TEST_2879,38.9143
TEST_2880,397.09116
TEST_2881,44.723015
TEST_2882,426.82333
TEST_2883,243.1718
TEST_2884,52.534367
TEST_2885,388.68365
TEST_2886,568.61
TEST_2887,607.6324
TEST_2888,216.04565
TEST_2889,52.077225
TEST_2890,924.7628
TEST_2891,68.63336
TEST_2892,141.80829
TEST_2893,141.26434
TEST_2894,308.06857
TEST_2895,977.7721
TEST_2896,298.5047
TEST_2897,216.6552
TEST_2898,116.329185
TEST_2899,13.420715
TEST_2900,194.48355
TEST_2901,494.07022
TEST_2902,44.422085
TEST_2903,174.3263
TEST_2904,270.68866
TEST_2905,149.64554
TEST_2906,1232.8271
TEST_2907,181.34
TEST_2908,73.55651
TEST_2909,103.46987
TEST_2910,812.45386
TEST_2911,438.84396
TEST_2912,109.02758
TEST_2913,-0.12136147
TEST_2914,621.2728
TEST_2915,189.7164
TEST_2916,754.6846
TEST_2917,33.953674
TEST_2918,134.52147
TEST_2919,128.95206
TEST_2920,28.148506
TEST_2921,155.82207
TEST_2922,463.36047
TEST_2923,420.23444
TEST_2924,0.51529837
TEST_2925,337.55856
TEST_2926,238.39981
TEST_2927,79.800804
TEST_2928,98.2053
TEST_2929,523.2927
TEST_2930,14.964257
TEST_2931,-0.12136147
TEST_2932,494.1784
TEST_2933,47.056145
TEST_2934,39.189728
TEST_2935,658.17285
TEST_2936,44.201767
TEST_2937,129.74927
TEST_2938,65.94581
TEST_2939,47.71685
TEST_2940,30.082146
TEST_2941,127.804825
TEST_2942,780.807
TEST_2943,696.82385
TEST_2944,285.13525
TEST_2945,321.991
TEST_2946,90.98858
TEST_2947,256.96494
TEST_2948,371.4258
TEST_2949,161.73535
TEST_2950,153.0434
TEST_2951,1275.9158
TEST_2952,186.98085
TEST_2953,167.42496
TEST_2954,90.21025
TEST_2955,770.3508
TEST_2956,824.91785
TEST_2957,253.19373
TEST_2958,186.93086
TEST_2959,1211.3501
TEST_2960,697.6727
TEST_2961,61.786064
TEST_2962,887.7069
TEST_2963,1229.5581
TEST_2964,73.88174
TEST_2965,229.27942
TEST_2966,98.97181
TEST_2967,4.963716
TEST_2968,876.5031
TEST_2969,15.643572
TEST_2970,39.391163
TEST_2971,920.83997
TEST_2972,402.08585
TEST_2973,217.41013
TEST_2974,78.85053
TEST_2975,206.81125
TEST_2976,661.16516
TEST_2977,33.196224
TEST_2978,917.3994
TEST_2979,35.45837
TEST_2980,320.41782
TEST_2981,89.08836
TEST_2982,511.31354
TEST_2983,112.2357
TEST_2984,1188.7034
TEST_2985,102.52993
TEST_2986,237.84575
TEST_2987,409.18494
TEST_2988,9.404639
TEST_2989,416.2606
TEST_2990,19.12223
TEST_2991,1203.7511
TEST_2992,113.89706
TEST_2993,40.31692
TEST_2994,30.21688
TEST_2995,160.67613
TEST_2996,118.9529
TEST_2997,205.91846
TEST_2998,1594.2181
TEST_2999,61.846786
TEST_3000,-0.12136147
TEST_3001,422.54135
TEST_3002,81.02166
TEST_3003,41.06716
TEST_3004,724.8465
TEST_3005,67.75419
TEST_3006,53.11937
TEST_3007,27.752768
TEST_3008,13.87013
TEST_3009,631.37714
TEST_3010,411.52963
TEST_3011,62.294582
TEST_3012,234.22809
TEST_3013,41.431343
TEST_3014,1364.0465
TEST_3015,358.10672
TEST_3016,10.785716
TEST_3017,1049.4827
TEST_3018,142.13255
TEST_3019,209.9151
TEST_3020,786.96106
TEST_3021,61.158836
TEST_3022,33.352463
TEST_3023,111.4145
TEST_3024,166.39363
TEST_3025,146.73364
TEST_3026,598.761
TEST_3027,243.02167
TEST_3028,21.62426
TEST_3029,162.7356
TEST_3030,186.92072
TEST_3031,52.725845
TEST_3032,365.17847
TEST_3033,232.74042
TEST_3034,65.82186
TEST_3035,73.52505
TEST_3036,110.21381
TEST_3037,19.122963
TEST_3038,15.525665
TEST_3039,426.23636
TEST_3040,29.840658
TEST_3041,185.14658
TEST_3042,48.768654
TEST_3043,179.99405
TEST_3044,289.13895
TEST_3045,201.1576
TEST_3046,263.5211
TEST_3047,853.6958
TEST_3048,11.383619
TEST_3049,30.718159
TEST_3050,36.933044
TEST_3051,146.40834
TEST_3052,29.50008
TEST_3053,742.265
TEST_3054,1490.2922
TEST_3055,434.09204
TEST_3056,73.57256
TEST_3057,576.41785
TEST_3058,228.5774
TEST_3059,45.622936
TEST_3060,85.968544
TEST_3061,427.42545
TEST_3062,91.722206
TEST_3063,86.21699
TEST_3064,31.12896
TEST_3065,264.99258
TEST_3066,523.4762
TEST_3067,50.684616
TEST_3068,49.53412
TEST_3069,92.89805
TEST_3070,894.94495
TEST_3071,231.49504
TEST_3072,187.31113
TEST_3073,321.0897
TEST_3074,56.14994
TEST_3075,85.77632
TEST_3076,47.32539
TEST_3077,408.38074
TEST_3078,108.3558
TEST_3079,44.044746
TEST_3080,323.71512
TEST_3081,58.177803
TEST_3082,368.55206
TEST_3083,81.71052
TEST_3084,803.31506
TEST_3085,1248.8525
TEST_3086,825.5179
TEST_3087,11.164651
TEST_3088,72.552895
TEST_3089,49.037636
TEST_3090,456.69687
TEST_3091,26.150864
TEST_3092,301.03897
TEST_3093,1100.2568
TEST_3094,968.78015
TEST_3095,256.92297
TEST_3096,641.26874
TEST_3097,45.12654
TEST_3098,827.8353
TEST_3099,278.56702
TEST_3100,52.553764
TEST_3101,86.88156
TEST_3102,65.82975
TEST_3103,368.8689
TEST_3104,68.357895
TEST_3105,349.3079
TEST_3106,85.26809
TEST_3107,282.13507
TEST_3108,60.827225
TEST_3109,394.13757
TEST_3110,228.44453
TEST_3111,118.02046
TEST_3112,39.738205
TEST_3113,269.48233
TEST_3114,90.36586
TEST_3115,534.9907
TEST_3116,127.00938
TEST_3117,126.0231
TEST_3118,368.54343
TEST_3119,50.072426
TEST_3120,238.14307
TEST_3121,120.11146
TEST_3122,24.501858
TEST_3123,136.24164
TEST_3124,679.4831
TEST_3125,19.67025
TEST_3126,167.66364
TEST_3127,7.31971
TEST_3128,28.626213
TEST_3129,28.304039
TEST_3130,102.38172
TEST_3131,473.6201
TEST_3132,107.18842
TEST_3133,354.32553
TEST_3134,41.03427
TEST_3135,127.67564
TEST_3136,268.55124
TEST_3137,469.76468
TEST_3138,263.91293
TEST_3139,175.53133
TEST_3140,28.787918
TEST_3141,-0.12136147
TEST_3142,402.1459
TEST_3143,125.50089
TEST_3144,21.53859
TEST_3145,1344.3804
TEST_3146,320.3384
TEST_3147,380.45297
TEST_3148,273.0107
TEST_3149,30.070812
TEST_3150,72.65892
TEST_3151,63.051964
TEST_3152,70.5456
TEST_3153,23.533981
TEST_3154,141.0686
TEST_3155,45.453197
TEST_3156,0.52936083
TEST_3157,176.07495
TEST_3158,183.20018
TEST_3159,138.97205
TEST_3160,154.39995
TEST_3161,237.50423
TEST_3162,56.154106
TEST_3163,74.29192
TEST_3164,349.45505
TEST_3165,660.04675
TEST_3166,41.482018
TEST_3167,334.06042
TEST_3168,263.335
TEST_3169,212.20074
TEST_3170,132.52557
TEST_3171,86.72178
TEST_3172,314.48013
TEST_3173,890.7173
TEST_3174,128.07248
TEST_3175,219.65811
TEST_3176,500.89178
TEST_3177,252.00494
TEST_3178,558.1035
TEST_3179,3.0249972
TEST_3180,431.6279
TEST_3181,1226.9495
TEST_3182,1284.8792
TEST_3183,97.29381
TEST_3184,52.76013
TEST_3185,95.73729
TEST_3186,66.97188
TEST_3187,57.46009
TEST_3188,196.55652
TEST_3189,769.8009
TEST_3190,847.65027
TEST_3191,14.14013
TEST_3192,16.3872
TEST_3193,245.70212
TEST_3194,370.98465
TEST_3195,324.53183
TEST_3196,124.93276
TEST_3197,182.61426
TEST_3198,360.13995
TEST_3199,413.80374
TEST_3200,63.409096
TEST_3201,279.51083
TEST_3202,225.4591
TEST_3203,3.2950568
TEST_3204,101.273506
TEST_3205,155.02296
TEST_3206,41.483093
TEST_3207,90.98554
TEST_3208,77.513275
TEST_3209,53.313335
TEST_3210,90.17478
TEST_3211,486.31113
TEST_3212,209.60721
TEST_3213,906.30914
TEST_3214,-0.12541144
TEST_3215,422.84866
TEST_3216,15.359138
TEST_3217,56.37561
TEST_3218,39.686943
TEST_3219,122.66724
TEST_3220,130.40685
TEST_3221,346.81876
TEST_3222,111.90671
TEST_3223,715.25354
TEST_3224,526.27625
TEST_3225,545.8854
TEST_3226,170.7388
TEST_3227,720.7577
TEST_3228,585.45776
TEST_3229,31.883507
TEST_3230,107.56211
TEST_3231,377.29575
TEST_3232,16.994587
TEST_3233,127.0103
TEST_3234,-0.12136147
TEST_3235,172.46059
TEST_3236,19.745584
TEST_3237,676.13684
TEST_3238,195.2712
TEST_3239,676.8971
TEST_3240,155.35535
TEST_3241,519.7449
TEST_3242,690.4369
TEST_3243,123.9128
TEST_3244,263.07913
TEST_3245,1016.3736
TEST_3246,25.954355
TEST_3247,259.38876
TEST_3248,638.0497
TEST_3249,347.25052
TEST_3250,22.77444
TEST_3251,415.55872
TEST_3252,92.64901
TEST_3253,28.893818
TEST_3254,214.09073
TEST_3255,83.84205
TEST_3256,447.07257
TEST_3257,119.627975
TEST_3258,75.01907
TEST_3259,717.3364
TEST_3260,1.405411
TEST_3261,316.74124
TEST_3262,155.90224
TEST_3263,102.43373
TEST_3264,1380.815
TEST_3265,33.389584
TEST_3266,100.56321
TEST_3267,14.3220215
TEST_3268,103.96072
TEST_3269,1204.0009
TEST_3270,786.0242
TEST_3271,83.95134
TEST_3272,616.2215
TEST_3273,81.03655
TEST_3274,47.54454
TEST_3275,344.96225
TEST_3276,430.97894
TEST_3277,266.45593
TEST_3278,994.43604
TEST_3279,41.665028
TEST_3280,28.32038
TEST_3281,70.88305
TEST_3282,67.517265
TEST_3283,244.83171
TEST_3284,61.223274
TEST_3285,899.70984
TEST_3286,358.75113
TEST_3287,70.02688
TEST_3288,595.14496
TEST_3289,61.796112
TEST_3290,128.16806
TEST_3291,279.95688
TEST_3292,96.31293
TEST_3293,221.99823
TEST_3294,54.500507
TEST_3295,72.50006
TEST_3296,661.15137
TEST_3297,741.0428
TEST_3298,507.14703
TEST_3299,805.6204
TEST_3300,213.6339
TEST_3301,682.9143
TEST_3302,82.66445
TEST_3303,291.2864
TEST_3304,59.00381
TEST_3305,247.74411
TEST_3306,450.25906
TEST_3307,442.73788
TEST_3308,259.19818
TEST_3309,189.40103
TEST_3310,54.56668
TEST_3311,153.28189
TEST_3312,88.40183
TEST_3313,231.0903
TEST_3314,92.130135
TEST_3315,25.56852
TEST_3316,48.746563
TEST_3317,96.01707
TEST_3318,94.65867
TEST_3319,360.38806
TEST_3320,676.74335
TEST_3321,49.2775
TEST_3322,324.84515
TEST_3323,161.21382
TEST_3324,29.280682
TEST_3325,113.57109
TEST_3326,231.72147
TEST_3327,506.6704
TEST_3328,179.25063
TEST_3329,542.1977
TEST_3330,23.386427
TEST_3331,290.55338
TEST_3332,92.54249
TEST_3333,59.982414
TEST_3334,29.322256
TEST_3335,167.52617
TEST_3336,295.54803
TEST_3337,178.9274
TEST_3338,281.853
TEST_3339,71.87005
TEST_3340,942.86584
TEST_3341,224.22229
TEST_3342,348.36777
TEST_3343,29.832766
TEST_3344,441.14954
TEST_3345,116.95361
TEST_3346,297.25827
TEST_3347,270.1412
TEST_3348,29.192284
TEST_3349,100.70492
TEST_3350,224.65874
TEST_3351,129.20547
TEST_3352,347.49738
TEST_3353,66.04616
TEST_3354,187.11754
TEST_3355,51.502674
TEST_3356,351.25308
TEST_3357,102.291084
TEST_3358,556.50287
TEST_3359,170.47679
TEST_3360,273.33035
TEST_3361,372.0944
TEST_3362,457.14413
TEST_3363,33.460655
TEST_3364,57.07668
TEST_3365,368.03104
TEST_3366,39.173244
TEST_3367,189.26755
TEST_3368,102.49612
TEST_3369,134.04718
TEST_3370,274.09512
TEST_3371,122.5902
TEST_3372,368.11166
TEST_3373,324.66135
TEST_3374,64.72168
TEST_3375,96.24195
TEST_3376,131.11276
TEST_3377,1129.299
TEST_3378,436.5502
TEST_3379,378.5872
TEST_3380,40.79454
TEST_3381,8.358472
TEST_3382,27.333292
TEST_3383,80.001274
TEST_3384,427.9006
TEST_3385,1060.2544
TEST_3386,92.017845
TEST_3387,220.3527
TEST_3388,187.46832
TEST_3389,25.486408
TEST_3390,62.65689
TEST_3391,144.4025
TEST_3392,15.467867
TEST_3393,102.404045
TEST_3394,271.0469
TEST_3395,163.27574
TEST_3396,330.51425
TEST_3397,389.16187
TEST_3398,75.382416
TEST_3399,165.18901
TEST_3400,92.301674
TEST_3401,5.8907666
TEST_3402,237.53586
TEST_3403,174.15277
TEST_3404,46.167076
TEST_3405,575.65955
TEST_3406,354.23904
TEST_3407,449.83755
TEST_3408,126.62629
TEST_3409,161.7677
TEST_3410,29.52814
TEST_3411,387.72604
TEST_3412,6.627423
TEST_3413,71.59564
TEST_3414,118.41044
TEST_3415,146.51506
TEST_3416,49.8865
TEST_3417,365.70792
TEST_3418,407.23148
TEST_3419,70.827126
TEST_3420,87.357216
TEST_3421,74.830086
TEST_3422,301.3345
TEST_3423,56.255127
TEST_3424,47.50437
TEST_3425,37.616806
TEST_3426,243.11304
TEST_3427,43.595272
TEST_3428,119.304344
TEST_3429,334.0156
TEST_3430,18.230227
TEST_3431,178.13077
TEST_3432,145.63605
TEST_3433,756.33344
TEST_3434,1512.6812
TEST_3435,183.79199
TEST_3436,147.56143
TEST_3437,41.15891
TEST_3438,61.600224
TEST_3439,235.81726
TEST_3440,160.43323
TEST_3441,209.12512
TEST_3442,1799.8276
TEST_3443,158.66931
TEST_3444,33.986145
TEST_3445,118.649185
TEST_3446,139.53831
TEST_3447,0.17170328
TEST_3448,28.976248
TEST_3449,58.14248
TEST_3450,41.74082
TEST_3451,579.07043
TEST_3452,69.135475
TEST_3453,42.42261
TEST_3454,489.47885
TEST_3455,90.50231
TEST_3456,34.445663
TEST_3457,359.59003
TEST_3458,185.14726
TEST_3459,172.44064
TEST_3460,7.306391
TEST_3461,217.81815
TEST_3462,80.936806
TEST_3463,153.65717
TEST_3464,66.21754
TEST_3465,182.57849
TEST_3466,119.83289
TEST_3467,35.65107
TEST_3468,260.2767
TEST_3469,26.440058
TEST_3470,155.06699
TEST_3471,426.68167
TEST_3472,344.97995
TEST_3473,285.6146
TEST_3474,105.3009
TEST_3475,287.54642
TEST_3476,177.45044
TEST_3477,152.13135
TEST_3478,33.18106
TEST_3479,297.10205
TEST_3480,86.866776
TEST_3481,83.166435
TEST_3482,34.590843
TEST_3483,768.7157
TEST_3484,665.35583
TEST_3485,-0.12136147
TEST_3486,159.6611
TEST_3487,173.00491
TEST_3488,902.6387
TEST_3489,121.518715
TEST_3490,128.77086
TEST_3491,264.7274
TEST_3492,493.55948
TEST_3493,166.23291
TEST_3494,44.45533
TEST_3495,524.7356
TEST_3496,58.94184
TEST_3497,166.06665
TEST_3498,449.62695
TEST_3499,98.46027
TEST_3500,71.91238
TEST_3501,783.7235
TEST_3502,181.38658
TEST_3503,972.06824
TEST_3504,391.0679
TEST_3505,59.335873
TEST_3506,37.17701
TEST_3507,30.271856
TEST_3508,215.4617
TEST_3509,735.25903
TEST_3510,120.87064
TEST_3511,11.977054
TEST_3512,56.837475
TEST_3513,59.108418
TEST_3514,34.2934
TEST_3515,86.466286
TEST_3516,176.4508
TEST_3517,92.60062
TEST_3518,354.86105
TEST_3519,229.43115
TEST_3520,83.363914
TEST_3521,867.6677
TEST_3522,11.732549
TEST_3523,271.79465
TEST_3524,41.17063
TEST_3525,0.13028327
TEST_3526,51.25095
TEST_3527,33.956127
TEST_3528,139.7417
TEST_3529,26.375431
TEST_3530,22.735998
TEST_3531,314.9156
TEST_3532,533.9817
TEST_3533,315.5018
TEST_3534,45.084087
TEST_3535,38.850266
TEST_3536,78.40772
TEST_3537,5.208855
TEST_3538,223.02475
TEST_3539,901.76587
TEST_3540,6.9656405
TEST_3541,254.31535
TEST_3542,334.68588
TEST_3543,66.49177
TEST_3544,115.65692
TEST_3545,1500.7178
TEST_3546,68.9795
TEST_3547,249.26749
TEST_3548,208.98419
TEST_3549,48.744865
TEST_3550,92.91718
TEST_3551,54.096306
TEST_3552,350.2725
TEST_3553,617.09796
TEST_3554,106.88465
TEST_3555,152.97453
TEST_3556,35.572258
TEST_3557,87.14393
TEST_3558,343.363
TEST_3559,242.29115
TEST_3560,12.868474
TEST_3561,59.469658
TEST_3562,85.74171
TEST_3563,28.400562
TEST_3564,211.57764
TEST_3565,42.98931
TEST_3566,64.54015
TEST_3567,638.1095
TEST_3568,1805.6794
TEST_3569,684.78436
TEST_3570,447.5223
TEST_3571,47.981068
TEST_3572,57.400585
TEST_3573,57.924362
TEST_3574,130.63312
TEST_3575,280.81674
TEST_3576,496.04666
TEST_3577,196.3826
TEST_3578,27.028118
TEST_3579,210.69833
TEST_3580,161.59576
TEST_3581,333.2516
TEST_3582,171.37662
TEST_3583,213.75601
TEST_3584,810.0497
TEST_3585,170.74353
TEST_3586,49.44862
TEST_3587,167.31708
TEST_3588,69.21764
TEST_3589,256.77118
TEST_3590,353.87424
TEST_3591,78.54381
TEST_3592,231.68335
TEST_3593,68.09127
TEST_3594,77.143974
TEST_3595,31.21515
TEST_3596,37.729675
TEST_3597,137.50346
TEST_3598,71.99096
TEST_3599,1805.6891
TEST_3600,52.33391
TEST_3601,27.598286
TEST_3602,175.82135
TEST_3603,233.13025
TEST_3604,112.67699
TEST_3605,132.50706
TEST_3606,44.269783
TEST_3607,290.2842
TEST_3608,242.76526
TEST_3609,74.06837
TEST_3610,50.368355
TEST_3611,597.89484
TEST_3612,525.5874
TEST_3613,741.6731
TEST_3614,1542.4971
TEST_3615,128.39775
TEST_3616,274.8571
TEST_3617,53.169003
TEST_3618,716.19073
TEST_3619,277.63315
TEST_3620,3.2602694
TEST_3621,262.1075
TEST_3622,241.79172
TEST_3623,23.629143
TEST_3624,107.68418
TEST_3625,43.783676
TEST_3626,66.77249
TEST_3627,240.63672
TEST_3628,172.9864
TEST_3629,149.99051
TEST_3630,393.78372
TEST_3631,46.42205
TEST_3632,191.3573
TEST_3633,43.22192
TEST_3634,178.6335
TEST_3635,100.57042
TEST_3636,50.63095
TEST_3637,261.13354
TEST_3638,878.60583
TEST_3639,832.7827
TEST_3640,52.957027
TEST_3641,80.15134
TEST_3642,368.0427
TEST_3643,203.16948
TEST_3644,422.142
TEST_3645,232.73032
TEST_3646,50.48593
TEST_3647,127.28843
TEST_3648,51.02234
TEST_3649,136.87265
TEST_3650,62.843956
TEST_3651,31.697481
TEST_3652,115.37763
TEST_3653,745.1453
TEST_3654,1158.3623
TEST_3655,341.14322
TEST_3656,500.86606
TEST_3657,525.4358
TEST_3658,148.87137
TEST_3659,1333.7123
TEST_3660,343.53418
TEST_3661,598.8957
TEST_3662,36.48412
TEST_3663,376.2269
TEST_3664,120.573784
TEST_3665,580.504
TEST_3666,-0.12136147
TEST_3667,1510.4348
TEST_3668,151.68118
TEST_3669,359.17078
TEST_3670,40.645016
TEST_3671,131.45523
TEST_3672,406.28677
TEST_3673,116.105415
TEST_3674,48.19296
TEST_3675,84.52189
TEST_3676,20.044487
TEST_3677,158.6774
TEST_3678,976.15857
TEST_3679,342.45084
TEST_3680,48.38375
TEST_3681,38.327473
TEST_3682,57.11562
TEST_3683,251.30457
TEST_3684,3.0497868
TEST_3685,37.901817
TEST_3686,46.271618
TEST_3687,91.84706
TEST_3688,94.73649
TEST_3689,250.42792
TEST_3690,10.948115
TEST_3691,426.87897
TEST_3692,229.38086
TEST_3693,863.26587
TEST_3694,556.18005
TEST_3695,1488.4375
TEST_3696,281.35898
TEST_3697,115.13952
TEST_3698,208.54092
TEST_3699,172.3903
TEST_3700,12.678178
TEST_3701,72.81222
TEST_3702,22.548298
TEST_3703,64.34054
TEST_3704,-0.0077887475
TEST_3705,73.03711
TEST_3706,919.65137
TEST_3707,143.08449
TEST_3708,170.20789
TEST_3709,183.12834
TEST_3710,22.131966
TEST_3711,99.0295
TEST_3712,557.9022
TEST_3713,431.8643
TEST_3714,248.10005
TEST_3715,478.1801
TEST_3716,111.93653
TEST_3717,414.73718
TEST_3718,203.78754
TEST_3719,117.07787
TEST_3720,452.23154
TEST_3721,62.53714
TEST_3722,19.627707
TEST_3723,607.9675
TEST_3724,562.8614
TEST_3725,54.447628
TEST_3726,29.841995
TEST_3727,127.75886
TEST_3728,324.05658
TEST_3729,975.45984
TEST_3730,326.53595
TEST_3731,259.31613
TEST_3732,151.73253
TEST_3733,8.833547
TEST_3734,475.9208
TEST_3735,33.729557
TEST_3736,67.62658
TEST_3737,156.75128
TEST_3738,223.50417
TEST_3739,145.61859
TEST_3740,142.77417
TEST_3741,16.391556
TEST_3742,21.497791
TEST_3743,217.5351
TEST_3744,24.991291
TEST_3745,651.3462
TEST_3746,648.9475
TEST_3747,628.97345
TEST_3748,68.352264
TEST_3749,684.5951
TEST_3750,124.65059
TEST_3751,81.02743
TEST_3752,596.2339
TEST_3753,210.72154
TEST_3754,914.4579
TEST_3755,342.50967
TEST_3756,171.07333
TEST_3757,51.008698
TEST_3758,68.83608
TEST_3759,20.792366
TEST_3760,466.5221
TEST_3761,559.1279
TEST_3762,133.77274
TEST_3763,296.7609
TEST_3764,70.46378
TEST_3765,73.26685
TEST_3766,192.19705
TEST_3767,358.22958
TEST_3768,65.42443
TEST_3769,68.279976
TEST_3770,-0.47342008
TEST_3771,63.804512
TEST_3772,52.754154
TEST_3773,-0.2984469
TEST_3774,204.95624
TEST_3775,80.67221
TEST_3776,534.0176
TEST_3777,25.867311
TEST_3778,148.20123
TEST_3779,641.5062
TEST_3780,847.4115
TEST_3781,58.25943
TEST_3782,77.19798
TEST_3783,78.4822
TEST_3784,117.64431
TEST_3785,134.65474
TEST_3786,229.14505
TEST_3787,182.84198
TEST_3788,84.82005
TEST_3789,42.39058
TEST_3790,431.92935
TEST_3791,721.1551
TEST_3792,425.71594
TEST_3793,49.680435
TEST_3794,294.7822
TEST_3795,973.8855
TEST_3796,52.494244
TEST_3797,38.098312
TEST_3798,113.8441
TEST_3799,416.11362
TEST_3800,21.535007
TEST_3801,658.59045
TEST_3802,291.06778
TEST_3803,122.8189
TEST_3804,534.19354
TEST_3805,147.3204
TEST_3806,286.3497
TEST_3807,491.94022
TEST_3808,32.295536
TEST_3809,242.41438
TEST_3810,259.91135
TEST_3811,147.43336
TEST_3812,911.0093
TEST_3813,447.17648
TEST_3814,544.6056
TEST_3815,96.63824
TEST_3816,892.3797
TEST_3817,164.21161
TEST_3818,-0.5338342
TEST_3819,175.4379
TEST_3820,63.76573
TEST_3821,121.7884
TEST_3822,240.26785
TEST_3823,1204.6993
TEST_3824,136.99011
TEST_3825,45.848785
TEST_3826,11.369191
TEST_3827,45.337063
TEST_3828,167.42651
TEST_3829,371.2371
TEST_3830,75.29627
TEST_3831,95.215706
TEST_3832,4.9665675
TEST_3833,14.4244585
TEST_3834,83.48232
TEST_3835,1301.2605
TEST_3836,300.56146
TEST_3837,450.65964
TEST_3838,80.89706
TEST_3839,224.42867
TEST_3840,112.98781
TEST_3841,204.2993
TEST_3842,197.43234
TEST_3843,207.91354
TEST_3844,7.9854655
TEST_3845,48.364937
TEST_3846,409.9377
TEST_3847,295.39523
TEST_3848,50.662083
TEST_3849,29.221859
TEST_3850,183.04858
TEST_3851,456.58624
TEST_3852,314.59268
TEST_3853,464.25992
TEST_3854,586.7592
TEST_3855,44.14163
TEST_3856,42.38631
TEST_3857,31.051651
TEST_3858,243.77397
TEST_3859,105.721306
TEST_3860,407.65912
TEST_3861,112.06345
TEST_3862,66.2464
TEST_3863,800.1547
TEST_3864,551.9026
TEST_3865,50.365646
TEST_3866,891.02325
TEST_3867,314.2456
TEST_3868,239.00858
TEST_3869,150.8695
TEST_3870,180.01956
TEST_3871,35.420643
TEST_3872,750.8242
TEST_3873,51.222466
TEST_3874,66.962975
TEST_3875,599.57153
TEST_3876,66.76646
TEST_3877,49.63363
TEST_3878,257.0112
TEST_3879,255.18904
TEST_3880,121.57264
TEST_3881,325.67056
TEST_3882,178.88669
TEST_3883,30.653955
TEST_3884,348.5822
TEST_3885,432.84915
TEST_3886,1082.3385
TEST_3887,253.73558
TEST_3888,9.3126
TEST_3889,91.37696
TEST_3890,39.213623
TEST_3891,11.81068
TEST_3892,35.53712
TEST_3893,1115.2874
TEST_3894,172.14081
TEST_3895,181.0209
TEST_3896,307.31747
TEST_3897,188.22308
TEST_3898,43.812496
TEST_3899,49.409767
TEST_3900,15.457656
TEST_3901,481.97067
TEST_3902,72.02909
TEST_3903,460.3922
TEST_3904,286.8196
TEST_3905,286.51086
TEST_3906,-0.12136147
TEST_3907,1707.4001
TEST_3908,329.06494
TEST_3909,118.64072
TEST_3910,1195.8838
TEST_3911,268.28494
TEST_3912,214.74547
TEST_3913,1364.1682
TEST_3914,577.13196
