<?xml version="1.0" encoding="UTF-8"?>
<!DOCTYPE mapper PUBLIC "-//mybatis.org//DTD Mapper 3.0//EN"
  "http://mybatis.org/dtd/mybatis-3-mapper.dtd">

<mapper namespace="mv">

	<select id="selectRating" parameterType="movieVO" resultType="double">
		select avg(rRating) from movie.review where mvId=#{mvId}
	</select>
	
	<update id="updateRating" parameterType="movieVO">
		update movie set mvRating=${mvRating} where mvId=#{mvId}
	</update>
	
	
	
	<select id="one" parameterType="movieVO" resultType="movieVO">
		select *
		from movie where mvId = #{mvId}
	</select>

	<select id="list" resultType="movieVO">
		select * from movie
	</select>
	<delete id="del" parameterType="movieVO">
		delete from movie where mvId =
		#{mvId}
	</delete>
	<insert id="in" parameterType="movieVO">
		insert into movie values (#{mvId},
		#{mvTitle}, #{mvTime}, #{mvSection}, #{mvRating}, #{mvSummary},
		#{mvImg})
	</insert>
	<update id="up" parameterType="movieVO">
		update movie
		set mvTitle=#{mvTitle}, mvTime=#{mvTime}, mvSection=#{mvSection},
		mvRating=#{mvRating}, mvSummary=#{mvSummary}, mvImg=#{mvImg}
		where mvID=#{mvId}
	</update>
</mapper>
