<?xml version="1.0" encoding="UTF-8" ?>
<!DOCTYPE mapper PUBLIC "-//mybatis.org//DTD Mapper 3.0//EN"
  "http://mybatis.org/dtd/mybatis-3-mapper.dtd">

<mapper namespace="itinerary">

	<select id="slideshow" resultType="itineraryVO">
		select * from itinerary order by itinerary_view desc limit 3;
	</select>

	<select id="readOne" parameterType="itineraryVO" resultType="itineraryVO">
		SELECT * FROM itinerary WHERE itinerary_idx = #{itinerary_idx}
	</select>

	<select id="list" parameterType="int" resultType="itineraryVO">
		SELECT * FROM itinerary WHERE itinerary_idx <![CDATA[ < ]]> #{num} order by itinerary_idx desc limit 10
	</select>
	
	<select id="count" resultType="int">
		SELECT count(*) FROM itinerary
	</select>
	
	<select id="search" parameterType="HashMap" resultType="itineraryVO">
	 SELECT * FROM itinerary
		<choose>
         
<!-- 작성자+제목+내용의 검색조건으로 게시물을 검색하는 쿼리 -->
			<when test="search_option == 'all' ">
				WHERE
				member_idx like '%'||#{keyword}||'%'
				OR itinerary_details LIKE '%' || #{keyword}||'%'
				OR itinerary_title LIKE '%'||#{keyword}||'%'   
			</when>
            <otherwise>
 
<!-- 내가 지정한 조건 (작성자, 제목, 내용) 의 검색조건으로 게시물을 검색하는 쿼리 -->
                WHERE ${search_option} LIKE '%'||#{keyword}||'%'
            </otherwise>
        </choose>
	</select>
	
	<select id="getNext" resultType="itineraryVO">
		SELECT itinerary_idx FROM itinerary <!-- ORDER BY itinerary_idx desc -->WHERE itinerary_idx =(SELECT MAX(itinerary_idx) FROM itinerary );	
	</select>
	
	<select id="nextPage" parameterType="int" resultType="itineraryVO">
		SELECT * FROM itinerary WHERE itinerary_idx <![CDATA[ < ]]> #{num} 
	</select>
	
	<delete id="delete" parameterType="itineraryVO">
		DELETE FROM itinerary WHERE
		itinerary_idx = #{itinerary_idx}
	</delete>
	
	<insert id="create" parameterType="itineraryVO">
		INSERT INTO itinerary VALUES
		(#{member_idx}, #{itinerary_title}, #{itinerary_places},
		#{itinerary_details})
	</insert>
	
	<update id="update" parameterType="itineraryVO">
		update itinerary
		set
		itinerary_title = #{itinerary_title}, itinerary_places =
		#{itinerary_places}, itinerary_details = #{itinerary_details}
		where
		itinerary_idx = #{itinerary_idx}
	</update>

</mapper>