<?xml version="1.0" encoding="UTF-8" ?>
<!DOCTYPE mapper PUBLIC "-//mybatis.org//DTD Mapper 3.0//EN"
  "http://mybatis.org/dtd/mybatis-3-mapper.dtd">

<mapper namespace="member">
	<insert id="create" parameterType="memberVO">
		insert into member(member_id, member_pw, member_name, member_birth, 
		member_addr, member_gender, member_naver_token, member_google_token, member_type)
		
		values (#{member_id}, #{member_pw}, #{member_name}, #{member_birth}, 
		#{member_addr}, #{member_gender}, #{member_naver_token}, #{member_google_token}, #{member_type})
	</insert>
	
	<update id="update" parameterType="memberVO">
		update member set member_pw=#{member_pw}, member_name=#{member_name}, member_addr=#{member_addr}
		where member_idx=#{member_idx}
	</update>
	
	<select id="oneIdx" parameterType="memberVO" resultType="memberVO">
		select * from member where member_idx=#{member_idx}
	</select>
	
	<select id="oneId" parameterType="memberVO" resultType="memberVO">
		select * from member where member_id=#{member_id}
	</select>
	
	<select id="oneName" parameterType="memberVO" resultType="memberVO">
		select * from member where member_name=#{member_name}
	</select>
	
	<select id="all" parameterType="memberVO" resultType="memberVO">
		select * from member
	</select>
	
	<select id="loginHiTrip" parameterType="memberVO" resultType="memberVO">
		select * from member where member_id = #{member_id} and member_pw = #{member_pw}
	</select>
	
	<select id="loginNaver" parameterType="memberVO" resultType="memberVO">
		select * from member where member_naver_token = #{member_naver_token}
	</select>
	
	<select id="loginGoogle" parameterType="memberVO" resultType="memberVO">
		select * from member where member_google_token = #{member_google_token}
	</select>
	
</mapper>