<?xml version="1.0" encoding="UTF-8"?>
<!DOCTYPE mapper PUBLIC "-//mybatis.org//DTD Mapper 3.0//EN"
  "http://mybatis.org/dtd/mybatis-3-mapper.dtd">

<mapper namespace="survey">
	
	<select id="readOne" parameterType="surveyVO" resultType="surveyVO">
		SELECT * FROM survey WHERE survey_idx = #{survey_idx}
	</select>

	<select id="list" resultType="surveyVO">
		SELECT * FROM survey 
	</select>
	
	<delete id="delete" parameterType="surveyVO">
		DELETE FROM survey WHERE survey_idx = #{survey_idx}
	</delete>
	<insert id="create" parameterType="surveyVO">
		INSERT INTO survey VALUES (#{survey_idx}, #{survey_question}, #{survey_choices})
	</insert>
	<update id="update" parameterType="surveyVO">
		update survey
		set survey_question = #{survey_question}, survey_choices = #{survey_choices}
		where survey_idx = #{survey_idx}
	</update>
</mapper>

